"year","state","avg_house_price"
1975,"AK",34631.201972
1976,"AK",40626.424492
1977,"AK",43648.795498
1978,"AK",46877.325856
1979,"AK",52263.244546
1980,"AK",56087.168889
1981,"AK",58813.802093
1982,"AK",72681.773587
1983,"AK",79911.19015
1984,"AK",85801.363569
1985,"AK",84156.039393
1986,"AK",80339.10347
1987,"AK",75275.059703
1988,"AK",62878.355183
1989,"AK",72931.906148
1990,"AK",56368.805314
1991,"AK",69404.962431
1992,"AK",73700.175978
1993,"AK",75462.466622
1994,"AK",79152.629742
1995,"AK",82753.64789
1996,"AK",85381.442108
1997,"AK",88664.166006
1998,"AK",91651.035694
1999,"AK",93580.228729
2000,"AK",96453.502661
2001,"AK",100470.9033
2002,"AK",106738.73103
2003,"AK",113598.39316
2004,"AK",122657.45247
2005,"AK",135125.30171
2006,"AK",150066.24014
2007,"AK",156519.87098
2008,"AK",155299.00252
2009,"AK",154159.41
2010,"AK",153450.69859
2011,"AK",156223.30171
2012,"AK",153379.41749
2013,"AK",159211.51703
2014,"AK",164087.05054
2015,"AK",167860.30789
2016,"AK",174902.80092
2017,"AK",175121.58374
2018,"AK",177891.30602
1975,"AL",35768.108578
1976,"AL",37047.577605
1977,"AL",39443.877033
1978,"AL",42668.144424
1979,"AL",47414.157951
1980,"AL",50673.918134
1981,"AL",51880.915369
1982,"AL",52491.313326
1983,"AL",54158.48721
1984,"AL",57737.397145
1985,"AL",57683.774486
1986,"AL",61618.367842
1987,"AL",64948.269503
1988,"AL",66049.558227
1989,"AL",67010.224649
1990,"AL",69631.154503
1991,"AL",70333.588331
1992,"AL",72623.606415
1993,"AL",75129.804431
1994,"AL",78616.273074
1995,"AL",82503.588301
1996,"AL",84846.322711
1997,"AL",88058.208498
1998,"AL",90832.267865
1999,"AL",94072.566868
2000,"AL",97797.958803
2001,"AL",100125.01624
2002,"AL",102367.19862
2003,"AL",106335.37154
2004,"AL",110207.4804
2005,"AL",116265.45417
2006,"AL",127478.4594
2007,"AL",134227.57523
2008,"AL",133816.08316
2009,"AL",127822.58914
2010,"AL",125233.39099
2011,"AL",116568.35263
2012,"AL",113794.85912
2013,"AL",116775.91049
2014,"AL",121078.71581
2015,"AL",124465.08602
2016,"AL",127619.21994
2017,"AL",132850.25115
2018,"AL",139265.32899
1975,"AR",37028.827189
1976,"AR",38608.791962
1977,"AR",42335.637066
1978,"AR",45859.698959
1979,"AR",50810.132695
1980,"AR",55516.532043
1981,"AR",59330.920708
1982,"AR",56833.181419
1983,"AR",61197.992605
1984,"AR",64205.858325
1985,"AR",65831.584479
1986,"AR",67648.628235
1987,"AR",68505.982798
1988,"AR",68031.120586
1989,"AR",69428.416031
1990,"AR",69573.587618
1991,"AR",71034.494264
1992,"AR",73041.474565
1993,"AR",75316.975002
1994,"AR",79747.366
1995,"AR",84681.24229
1996,"AR",87324.779553
1997,"AR",89814.449896
1998,"AR",90886.455673
1999,"AR",94357.039563
2000,"AR",96989.26282
2001,"AR",100329.75964
2002,"AR",103953.77658
2003,"AR",108197.92279
2004,"AR",113690.10153
2005,"AR",120896.62668
2006,"AR",129109.99709
2007,"AR",133017.00385
2008,"AR",132456.86428
2009,"AR",127773.31857
2010,"AR",125955.53464
2011,"AR",121842.41465
2012,"AR",122130.48249
2013,"AR",126760.86184
2014,"AR",128220.88609
2015,"AR",130191.34344
2016,"AR",134364.77042
2017,"AR",139083.72705
2018,"AR",144013.80088
1975,"AZ",28864.54487
1976,"AZ",29681.752908
1977,"AZ",30851.879693
1978,"AZ",34771.580249
1979,"AZ",41979.150754
1980,"AZ",49597.942507
1981,"AZ",54257.115964
1982,"AZ",55807.212782
1983,"AZ",58979.345338
1984,"AZ",58597.726738
1985,"AZ",61483.062057
1986,"AZ",62955.956055
1987,"AZ",64942.507374
1988,"AZ",65207.715279
1989,"AZ",65258.94648
1990,"AZ",65095.594424
1991,"AZ",64250.263331
1992,"AZ",66001.244822
1993,"AZ",67019.861341
1994,"AZ",69899.166539
1995,"AZ",74591.123916
1996,"AZ",78281.916158
1997,"AZ",80881.371464
1998,"AZ",84575.377203
1999,"AZ",89508.600029
2000,"AZ",95163.242769
2001,"AZ",100323.39156
2002,"AZ",105826.91733
2003,"AZ",113280.46862
2004,"AZ",124025.26463
2005,"AZ",149808.10843
2006,"AZ",200138.94054
2007,"AZ",201072.40069
2008,"AZ",178538.30716
2009,"AZ",132731.36966
2010,"AZ",118528.03296
2011,"AZ",105293.17547
2012,"AZ",105627.16805
2013,"AZ",128013.03353
2014,"AZ",144640.2984
2015,"AZ",151565.51294
2016,"AZ",161663.793
2017,"AZ",174798.46491
2018,"AZ",188803.85172
1975,"CA",15706.582656
1976,"CA",17907.806474
1977,"CA",21365.842329
1978,"CA",26758.093799
1979,"CA",30812.678752
1980,"CA",36504.904071
1981,"CA",40256.683296
1982,"CA",42785.705871
1983,"CA",42790.333395
1984,"CA",43682.166384
1985,"CA",45193.29103
1986,"CA",47501.527399
1987,"CA",51373.510249
1988,"CA",56937.654138
1989,"CA",67888.178488
1990,"CA",79343.098545
1991,"CA",79376.190231
1992,"CA",78202.278667
1993,"CA",74076.138454
1994,"CA",69726.066634
1995,"CA",68501.465878
1996,"CA",66797.67314
1997,"CA",67344.469498
1998,"CA",71212.239861
1999,"CA",78740.033751
2000,"CA",88692.689255
2001,"CA",101123.32349
2002,"CA",110921.25362
2003,"CA",130432.80423
2004,"CA",153221.66758
2005,"CA",187617.4472
2006,"CA",214684.62255
2007,"CA",207940.46167
2008,"CA",175749.93357
2009,"CA",137141.26403
2010,"CA",137899.12264
2011,"CA",131163.75108
2012,"CA",125273.61492
2013,"CA",142547.37675
2014,"CA",168922.08387
2015,"CA",180232.21797
2016,"CA",194350.40793
2017,"CA",208982.18306
2018,"CA",227175.45377
1975,"CO",19690.85887
1976,"CO",21213.146448
1977,"CO",22883.489068
1978,"CO",27094.27393
1979,"CO",32269.016214
1980,"CO",36452.879379
1981,"CO",39382.867916
1982,"CO",41941.104383
1983,"CO",44442.95647
1984,"CO",44481.242897
1985,"CO",45274.72473
1986,"CO",45435.754719
1987,"CO",45748.798504
1988,"CO",44209.16357
1989,"CO",43481.236411
1990,"CO",44644.137963
1991,"CO",45427.796067
1992,"CO",47816.214468
1993,"CO",52495.891019
1994,"CO",58761.141857
1995,"CO",64489.479415
1996,"CO",67816.532435
1997,"CO",71634.279944
1998,"CO",75813.423199
1999,"CO",82100.715245
2000,"CO",90937.967666
2001,"CO",100652.31157
2002,"CO",106400.50605
2003,"CO",109891.40106
2004,"CO",112381.25404
2005,"CO",116888.36065
2006,"CO",121764.80193
2007,"CO",123481.20956
2008,"CO",119299.16703
2009,"CO",114545.91956
2010,"CO",116599.20661
2011,"CO",111461.2589
2012,"CO",111116.85974
2013,"CO",121862.11151
2014,"CO",132735.71599
2015,"CO",145580.55765
2016,"CO",159960.2351
2017,"CO",176794.62156
2018,"CO",194015.58076
1975,"CT",24508.044065
1976,"CT",26321.588306
1977,"CT",27169.17359
1978,"CT",30477.544086
1979,"CT",35500.50294
1980,"CT",38259.109119
1981,"CT",39527.648936
1982,"CT",41898.527838
1983,"CT",42437.091822
1984,"CT",46819.636404
1985,"CT",53118.566023
1986,"CT",63100.808098
1987,"CT",82486.936705
1988,"CT",95552.205353
1989,"CT",96836.952072
1990,"CT",94926.675474
1991,"CT",87331.811934
1992,"CT",84635.369173
1993,"CT",80969.643277
1994,"CT",77522.94999
1995,"CT",78882.642827
1996,"CT",77122.220289
1997,"CT",78097.35556
1998,"CT",79953.027303
1999,"CT",85322.132578
2000,"CT",93170.076657
2001,"CT",100771.47844
2002,"CT",110146.06555
2003,"CT",123168.03099
2004,"CT",135477.24718
2005,"CT",151046.30614
2006,"CT",162355.08511
2007,"CT",161212.27692
2008,"CT",156541.75539
2009,"CT",143815.41398
2010,"CT",141070.20343
2011,"CT",135436.67321
2012,"CT",129820.42115
2013,"CT",128345.14326
2014,"CT",130490.18157
2015,"CT",130346.48102
2016,"CT",131247.1737
2017,"CT",132943.34779
2018,"CT",137655.45139
1975,"DC",18718.439003
1976,"DC",20740.400083
1977,"DC",23101.942579
1978,"DC",27476.848175
1979,"DC",33660.135494
1980,"DC",38501.728094
1981,"DC",40764.157691
1982,"DC",40461.070582
1983,"DC",39320.447982
1984,"DC",40983.464218
1985,"DC",42334.938248
1986,"DC",45757.982783
1987,"DC",50555.349917
1988,"DC",58093.769001
1989,"DC",67598.536377
1990,"DC",72727.410693
1991,"DC",72154.653325
1992,"DC",72308.305849
1993,"DC",70386.82432
1994,"DC",68657.161133
1995,"DC",66414.324493
1996,"DC",67972.256929
1997,"DC",69525.079121
1998,"DC",71749.845049
1999,"DC",78017.761794
2000,"DC",88003.955512
2001,"DC",101752.86912
2002,"DC",120597.12979
2003,"DC",142253.27719
2004,"DC",168533.19308
2005,"DC",206202.64856
2006,"DC",229170.49246
2007,"DC",230831.75343
2008,"DC",225771.37077
2009,"DC",215975.97331
2010,"DC",222052.909
2011,"DC",223552.28187
2012,"DC",232473.60091
2013,"DC",254999.98823
2014,"DC",281131.26734
2015,"DC",294008.32373
2016,"DC",316001.39706
2017,"DC",329366.55196
2018,"DC",345006.36377
1975,"DE",27169.197164
1976,"DE",28776.839637
1977,"DE",29470.918103
1978,"DE",31336.85856
1979,"DE",32173.038442
1980,"DE",36432.208792
1981,"DE",40056.14461
1982,"DE",39514.501898
1983,"DE",42937.953982
1984,"DE",46284.707817
1985,"DE",49643.629788
1986,"DE",54732.678586
1987,"DE",62220.157938
1988,"DE",69377.166986
1989,"DE",76506.78646
1990,"DE",82095.33721
1991,"DE",82345.936114
1992,"DE",82784.495934
1993,"DE",82823.85828
1994,"DE",80945.960229
1995,"DE",82729.501488
1996,"DE",81907.605157
1997,"DE",83962.80054
1998,"DE",85386.658478
1999,"DE",88046.379525
2000,"DE",93811.601534
2001,"DE",100865.92598
2002,"DE",108264.86019
2003,"DE",120069.90033
2004,"DE",134273.98591
2005,"DE",153659.1502
2006,"DE",171285.2745
2007,"DE",177107.21048
2008,"DE",172109.80767
2009,"DE",159876.35692
2010,"DE",152784.41068
2011,"DE",145764.01568
2012,"DE",137531.98753
2013,"DE",139656.06362
2014,"DE",145201.63074
2015,"DE",148389.28924
2016,"DE",154553.61845
2017,"DE",153953.078
2018,"DE",162250.24298
1975,"FL",31010.389985
1976,"FL",33268.718773
1977,"FL",33500.215181
1978,"FL",36976.252556
1979,"FL",41041.361136
1980,"FL",47016.501938
1981,"FL",52838.620795
1982,"FL",56745.628482
1983,"FL",58607.887569
1984,"FL",60033.881498
1985,"FL",61478.757919
1986,"FL",61452.288358
1987,"FL",64189.779086
1988,"FL",66444.864069
1989,"FL",69220.014728
1990,"FL",72118.830758
1991,"FL",72292.471919
1992,"FL",73126.418547
1993,"FL",73393.617907
1994,"FL",75151.580944
1995,"FL",77519.90412
1996,"FL",78443.875325
1997,"FL",80822.823859
1998,"FL",83447.454918
1999,"FL",86977.995392
2000,"FL",92945.518195
2001,"FL",100717.16798
2002,"FL",111323.12901
2003,"FL",126244.04007
2004,"FL",143688.31969
2005,"FL",176575.17404
2006,"FL",221214.36073
2007,"FL",217630.15769
2008,"FL",185837.09649
2009,"FL",138853.22349
2010,"FL",129862.52659
2011,"FL",117721.74807
2012,"FL",117807.40091
2013,"FL",130506.60257
2014,"FL",146595.6264
2015,"FL",157917.8048
2016,"FL",174032.79942
2017,"FL",192548.59952
2018,"FL",208533.36844
1975,"GA",30712.351473
1976,"GA",29455.510798
1977,"GA",30654.978876
1978,"GA",32485.517594
1979,"GA",35687.22524
1980,"GA",40257.364459
1981,"GA",43210.64357
1982,"GA",46459.098224
1983,"GA",48073.319849
1984,"GA",50669.038789
1985,"GA",53571.280525
1986,"GA",56801.537473
1987,"GA",59876.63192
1988,"GA",62645.949336
1989,"GA",64813.71588
1990,"GA",66376.925266
1991,"GA",65863.545345
1992,"GA",66573.693675
1993,"GA",67184.857716
1994,"GA",69273.76596
1995,"GA",72378.305278
1996,"GA",75500.123028
1997,"GA",78654.590692
1998,"GA",82607.908046
1999,"GA",88670.820985
2000,"GA",95178.076564
2001,"GA",100396.8374
2002,"GA",105618.06177
2003,"GA",108772.25617
2004,"GA",112300.86435
2005,"GA",117939.31621
2006,"GA",125169.42112
2007,"GA",130014.02051
2008,"GA",125250.79813
2009,"GA",110047.42538
2010,"GA",104179.60112
2011,"GA",94335.819219
2012,"GA",88871.726036
2013,"GA",98293.52942
2014,"GA",110971.48541
2015,"GA",117387.39201
2016,"GA",125888.73081
2017,"GA",134421.42841
2018,"GA",146389.80247
1975,"HI",27204.900438
1976,"HI",27812.20358
1977,"HI",28036.530055
1978,"HI",30720.191148
1979,"HI",36736.657334
1980,"HI",45953.748576
1981,"HI",51361.130308
1982,"HI",34057.676909
1983,"HI",49041.094218
1984,"HI",51667.063013
1985,"HI",51749.867082
1986,"HI",53588.281219
1987,"HI",56939.410101
1988,"HI",62989.77264
1989,"HI",75871.564336
1990,"HI",95282.439982
1991,"HI",113980.14743
1992,"HI",117133.52621
1993,"HI",114976.89023
1994,"HI",114713.71401
1995,"HI",111045.67005
1996,"HI",105810.0181
1997,"HI",99951.95252
1998,"HI",93209.29041
1999,"HI",92519.079949
2000,"HI",96312.935596
2001,"HI",100571.67296
2002,"HI",108923.01629
2003,"HI",123813.04333
2004,"HI",146699.39993
2005,"HI",181036.25312
2006,"HI",220126.26417
2007,"HI",222509.73772
2008,"HI",221810.08763
2009,"HI",198239.25658
2010,"HI",191718.41731
2011,"HI",190033.0483
2012,"HI",188530.68939
2013,"HI",202226.54593
2014,"HI",221905.33512
2015,"HI",233322.45573
2016,"HI",245191.24506
2017,"HI",260398.78493
2018,"HI",274686.11926
1975,"IA",33018.756515
1976,"IA",35627.934246
1977,"IA",40305.931228
1978,"IA",45897.939381
1979,"IA",50820.437741
1980,"IA",53370.835982
1981,"IA",53056.273832
1982,"IA",51636.856163
1983,"IA",50070.882069
1984,"IA",52296.575455
1985,"IA",52527.965301
1986,"IA",53324.775508
1987,"IA",53526.865228
1988,"IA",53172.067942
1989,"IA",55822.936461
1990,"IA",59720.998047
1991,"IA",62379.69148
1992,"IA",64827.552977
1993,"IA",68733.680618
1994,"IA",74705.784733
1995,"IA",77787.038256
1996,"IA",81584.798384
1997,"IA",84596.76316
1998,"IA",87977.773238
1999,"IA",92900.266495
2000,"IA",96601.552316
2001,"IA",100407.633
2002,"IA",103350.82595
2003,"IA",107850.01594
2004,"IA",111480.05072
2005,"IA",115431.58049
2006,"IA",120270.30716
2007,"IA",122225.71049
2008,"IA",122692.21295
2009,"IA",120877.47511
2010,"IA",121068.62582
2011,"IA",118685.01924
2012,"IA",118029.09562
2013,"IA",121260.9257
2014,"IA",126757.3823
2015,"IA",128427.2766
2016,"IA",134906.3665
2017,"IA",139687.63695
2018,"IA",145168.21689
1975,"ID",32386.290878
1976,"ID",33987.667598
1977,"ID",36165.236465
1978,"ID",41427.560333
1979,"ID",46944.059829
1980,"ID",51324.344635
1981,"ID",52434.916857
1982,"ID",53095.097464
1983,"ID",55232.088668
1984,"ID",55048.326099
1985,"ID",55590.953819
1986,"ID",56401.376541
1987,"ID",56876.752706
1988,"ID",54644.672534
1989,"ID",56774.443724
1990,"ID",59702.693028
1991,"ID",64841.703707
1992,"ID",69419.395457
1993,"ID",75009.363094
1994,"ID",81316.237297
1995,"ID",87872.973063
1996,"ID",89569.667873
1997,"ID",91270.163804
1998,"ID",92290.481475
1999,"ID",94908.761552
2000,"ID",97693.097592
2001,"ID",99926.36938
2002,"ID",103231.14353
2003,"ID",106926.21581
2004,"ID",113483.69651
2005,"ID",127050.05714
2006,"ID",153138.06359
2007,"ID",167666.54263
2008,"ID",165370.46349
2009,"ID",148740.97601
2010,"ID",133074.99616
2011,"ID",119094.35494
2012,"ID",116841.41403
2013,"ID",128459.94741
2014,"ID",139609.57978
2015,"ID",146067.07569
2016,"ID",157502.31872
2017,"ID",171172.5994
2018,"ID",190271.44738
1975,"IL",25670.436003
1976,"IL",27856.588806
1977,"IL",30753.368247
1978,"IL",34936.762891
1979,"IL",38770.598856
1980,"IL",40883.070339
1981,"IL",41740.86346
1982,"IL",41864.021487
1983,"IL",39737.728806
1984,"IL",43520.713453
1985,"IL",44944.802524
1986,"IL",47050.177443
1987,"IL",50686.504015
1988,"IL",55451.872287
1989,"IL",60237.737554
1990,"IL",64407.187807
1991,"IL",66841.659647
1992,"IL",69232.793192
1993,"IL",71960.707384
1994,"IL",74634.530536
1995,"IL",77761.71021
1996,"IL",79882.287337
1997,"IL",81990.051647
1998,"IL",83925.916813
1999,"IL",88235.347678
2000,"IL",93882.804744
2001,"IL",100444.30812
2002,"IL",106933.68145
2003,"IL",115166.38705
2004,"IL",123121.98847
2005,"IL",133198.62073
2006,"IL",142937.12389
2007,"IL",146076.45974
2008,"IL",140443.10633
2009,"IL",125152.44875
2010,"IL",119515.96331
2011,"IL",111093.62153
2012,"IL",103925.88375
2013,"IL",105860.6272
2014,"IL",114640.32238
2015,"IL",117320.71397
2016,"IL",121552.97673
2017,"IL",127476.57939
2018,"IL",132711.71258
1975,"IN",32613.157924
1976,"IN",34208.248653
1977,"IN",36430.723267
1978,"IN",41576.392759
1979,"IN",45782.553061
1980,"IN",48635.099828
1981,"IN",50644.584395
1982,"IN",50996.766335
1983,"IN",49836.254186
1984,"IN",50000.277629
1985,"IN",52572.043586
1986,"IN",54029.975895
1987,"IN",57460.48473
1988,"IN",59860.055411
1989,"IN",62607.7437
1990,"IN",65778.848008
1991,"IN",67972.198429
1992,"IN",70736.343771
1993,"IN",73886.343035
1994,"IN",77597.006818
1995,"IN",81071.187975
1996,"IN",84698.991973
1997,"IN",87921.022417
1998,"IN",90248.018139
1999,"IN",93921.964326
2000,"IN",97670.331055
2001,"IN",100133.09239
2002,"IN",102712.67127
2003,"IN",104483.71875
2004,"IN",107108.6258
2005,"IN",109615.96505
2006,"IN",112616.81993
2007,"IN",113734.26647
2008,"IN",111756.62996
2009,"IN",105700.57448
2010,"IN",106418.46926
2011,"IN",104116.69433
2012,"IN",103878.34363
2013,"IN",106203.34336
2014,"IN",110408.26622
2015,"IN",114599.63593
2016,"IN",118890.01005
2017,"IN",123849.60873
2018,"IN",133541.66698
1975,"KS",33547.892466
1976,"KS",36281.20413
1977,"KS",39763.578012
1978,"KS",44950.182062
1979,"KS",49878.410963
1980,"KS",54171.424627
1981,"KS",55530.078048
1982,"KS",59173.376851
1983,"KS",57704.89015
1984,"KS",58834.179492
1985,"KS",60080.739473
1986,"KS",60281.350559
1987,"KS",62106.561915
1988,"KS",62977.497582
1989,"KS",63802.740605
1990,"KS",64882.194499
1991,"KS",64594.73195
1992,"KS",65980.061288
1993,"KS",68353.288675
1994,"KS",75174.329941
1995,"KS",76070.745755
1996,"KS",79780.057561
1997,"KS",83129.009931
1998,"KS",87259.774882
1999,"KS",93403.765017
2000,"KS",96814.00818
2001,"KS",100372.55838
2002,"KS",104946.48389
2003,"KS",108995.37647
2004,"KS",112416.18669
2005,"KS",116460.22495
2006,"KS",121177.0884
2007,"KS",123538.66085
2008,"KS",123870.75046
2009,"KS",122382.88377
2010,"KS",122166.85087
2011,"KS",117756.80196
2012,"KS",116291.79239
2013,"KS",119612.29006
2014,"KS",123913.61218
2015,"KS",129819.792
2016,"KS",134577.03038
2017,"KS",140485.20272
2018,"KS",148788.73256
1975,"KY",31462.433172
1976,"KY",33334.302302
1977,"KY",34977.693674
1978,"KY",39176.942762
1979,"KY",43930.41281
1980,"KY",46910.069594
1981,"KY",48102.447702
1982,"KY",47200.884197
1983,"KY",50028.826558
1984,"KY",52186.395171
1985,"KY",52499.598707
1986,"KY",54058.963712
1987,"KY",56838.97343
1988,"KY",59641.908312
1989,"KY",62365.196794
1990,"KY",64885.603663
1991,"KY",66456.796095
1992,"KY",68725.38042
1993,"KY",71821.757053
1994,"KY",75361.757879
1995,"KY",79178.191248
1996,"KY",82033.174469
1997,"KY",85717.713342
1998,"KY",88552.0708
1999,"KY",92475.418973
2000,"KY",97194.268644
2001,"KY",100160.80278
2002,"KY",103363.9765
2003,"KY",107062.12747
2004,"KY",111591.93049
2005,"KY",116558.39887
2006,"KY",121414.47478
2007,"KY",123030.14506
2008,"KY",122942.81567
2009,"KY",120239.75345
2010,"KY",120562.39025
2011,"KY",117349.16265
2012,"KY",116445.22591
2013,"KY",118369.35538
2014,"KY",122167.38669
2015,"KY",126273.0641
2016,"KY",131549.40078
2017,"KY",137290.48225
2018,"KY",145140.25023
1975,"LA",33032.575459
1976,"LA",36774.761622
1977,"LA",40085.930098
1978,"LA",46369.73958
1979,"LA",54811.815162
1980,"LA",61441.14053
1981,"LA",63799.771123
1982,"LA",69817.078464
1983,"LA",70553.52865
1984,"LA",73289.254236
1985,"LA",70373.20793
1986,"LA",69008.193815
1987,"LA",67152.499391
1988,"LA",63714.14405
1989,"LA",61421.970886
1990,"LA",62853.921081
1991,"LA",62845.493875
1992,"LA",67589.328324
1993,"LA",70177.893235
1994,"LA",75228.191122
1995,"LA",77640.678237
1996,"LA",81997.39209
1997,"LA",85831.953381
1998,"LA",89204.860781
1999,"LA",93761.76672
2000,"LA",97110.653801
2001,"LA",100203.95501
2002,"LA",103890.83558
2003,"LA",108817.16566
2004,"LA",114724.60946
2005,"LA",122349.66455
2006,"LA",136399.67569
2007,"LA",144237.94825
2008,"LA",144362.17133
2009,"LA",139973.22429
2010,"LA",139231.11962
2011,"LA",137850.71454
2012,"LA",135790.43914
2013,"LA",140583.99726
2014,"LA",144803.14434
2015,"LA",148666.48634
2016,"LA",154296.65179
2017,"LA",160411.27059
2018,"LA",164937.6717
1975,"MA",15842.834632
1976,"MA",15801.535716
1977,"MA",16712.789954
1978,"MA",17585.449028
1979,"MA",20616.140131
1980,"MA",22824.313629
1981,"MA",25514.856505
1982,"MA",27640.445852
1983,"MA",29096.94169
1984,"MA",34223.396795
1985,"MA",41942.182342
1986,"MA",54530.414727
1987,"MA",65554.682571
1988,"MA",70640.239423
1989,"MA",71817.200358
1990,"MA",71690.304513
1991,"MA",65244.396559
1992,"MA",63143.597645
1993,"MA",60965.235433
1994,"MA",60721.745376
1995,"MA",62457.513904
1996,"MA",63524.315284
1997,"MA",66392.526908
1998,"MA",70623.54815
1999,"MA",77927.553094
2000,"MA",88534.802686
2001,"MA",101203.76595
2002,"MA",112190.33848
2003,"MA",127815.11145
2004,"MA",139686.99343
2005,"MA",151867.35566
2006,"MA",154304.34434
2007,"MA",148005.01469
2008,"MA",140960.34718
2009,"MA",132509.67559
2010,"MA",133475.98263
2011,"MA",129712.35842
2012,"MA",126078.51941
2013,"MA",130732.64008
2014,"MA",140122.30378
2015,"MA",144756.5326
2016,"MA",152478.80323
2017,"MA",162256.61241
2018,"MA",173415.49655
1975,"MD",26711.179181
1976,"MD",28654.749861
1977,"MD",30712.813742
1978,"MD",33759.690306
1979,"MD",37096.733301
1980,"MD",41168.019461
1981,"MD",45224.001194
1982,"MD",47816.260767
1983,"MD",46733.776604
1984,"MD",49261.578252
1985,"MD",52284.107022
1986,"MD",55269.575531
1987,"MD",61045.391596
1988,"MD",68688.168087
1989,"MD",76714.157937
1990,"MD",82323.961489
1991,"MD",82441.106016
1992,"MD",84011.463671
1993,"MD",83266.014374
1994,"MD",83301.191627
1995,"MD",84466.782143
1996,"MD",83949.994482
1997,"MD",84325.660122
1998,"MD",84949.303573
1999,"MD",88403.024707
2000,"MD",93697.273088
2001,"MD",100893.74339
2002,"MD",111380.31563
2003,"MD",128041.19567
2004,"MD",148816.56043
2005,"MD",177965.59345
2006,"MD",206792.58856
2007,"MD",209368.81276
2008,"MD",197343.10144
2009,"MD",171539.911
2010,"MD",164138.42483
2011,"MD",157465.14292
2012,"MD",153270.26392
2013,"MD",161011.16098
2014,"MD",168682.5779
2015,"MD",169462.66376
2016,"MD",173330.45139
2017,"MD",180088.1766
2018,"MD",189961.76105
1975,"ME",28027.323925
1976,"ME",28999.225109
1977,"ME",27570.369032
1978,"ME",32457.478319
1979,"ME",37744.459085
1980,"ME",36382.246151
1981,"ME",37898.040813
1982,"ME",40738.350681
1983,"ME",39231.645895
1984,"ME",45211.380592
1985,"ME",50262.105751
1986,"ME",57906.5139
1987,"ME",66963.514174
1988,"ME",77758.487519
1989,"ME",83190.31565
1990,"ME",85041.654238
1991,"ME",80293.06135
1992,"ME",78542.000932
1993,"ME",75903.738521
1994,"ME",75265.07332
1995,"ME",74371.130973
1996,"ME",76113.096583
1997,"ME",78314.511068
1998,"ME",80849.212228
1999,"ME",84923.151989
2000,"ME",92411.873977
2001,"ME",100813.73318
2002,"ME",110882.8712
2003,"ME",124503.70368
2004,"ME",138873.73642
2005,"ME",152592.08799
2006,"ME",162836.08732
2007,"ME",160481.34616
2008,"ME",158254.55207
2009,"ME",150661.32181
2010,"ME",145965.86736
2011,"ME",143416.52744
2012,"ME",141088.02384
2013,"ME",144404.3628
2014,"ME",146842.68832
2015,"ME",149315.05913
2016,"ME",156018.09752
2017,"ME",165081.55869
2018,"ME",174922.61557
1975,"MI",24617.765114
1976,"MI",25303.324929
1977,"MI",26738.33198
1978,"MI",29819.43088
1979,"MI",34904.27355
1980,"MI",38074.508625
1981,"MI",38916.725177
1982,"MI",40448.875827
1983,"MI",36108.033468
1984,"MI",38384.773999
1985,"MI",39121.491465
1986,"MI",41078.889445
1987,"MI",45159.804971
1988,"MI",48768.587801
1989,"MI",52225.089396
1990,"MI",55628.854948
1991,"MI",57762.995511
1992,"MI",59779.752946
1993,"MI",61867.75286
1994,"MI",63940.211229
1995,"MI",68384.841287
1996,"MI",73177.933869
1997,"MI",78639.246911
1998,"MI",83452.971097
1999,"MI",88625.253002
2000,"MI",95305.261942
2001,"MI",100255.89047
2002,"MI",104600.35846
2003,"MI",108106.54489
2004,"MI",110828.92537
2005,"MI",113964.481
2006,"MI",112710.29421
2007,"MI",107366.2413
2008,"MI",93302.323933
2009,"MI",78536.822141
2010,"MI",75650.715235
2011,"MI",73585.437833
2012,"MI",73014.542468
2013,"MI",81271.46315
2014,"MI",90955.78501
2015,"MI",96559.034658
2016,"MI",101799.28699
2017,"MI",109709.15849
2018,"MI",118187.18443
1975,"MN",25365.017022
1976,"MN",27178.066808
1977,"MN",29183.91083
1978,"MN",33070.017031
1979,"MN",38442.580247
1980,"MN",42174.698611
1981,"MN",44330.641141
1982,"MN",46721.464978
1983,"MN",46405.370639
1984,"MN",46689.558897
1985,"MN",48869.51074
1986,"MN",49912.632357
1987,"MN",51573.076488
1988,"MN",53235.506061
1989,"MN",54974.122795
1990,"MN",56775.6028
1991,"MN",57562.54448
1992,"MN",58663.525233
1993,"MN",60867.213037
1994,"MN",63959.391216
1995,"MN",66435.960815
1996,"MN",69204.436675
1997,"MN",72692.526984
1998,"MN",75721.085176
1999,"MN",81998.658354
2000,"MN",91085.606821
2001,"MN",100850.82723
2002,"MN",110248.7355
2003,"MN",120825.15263
2004,"MN",129783.31931
2005,"MN",137523.74751
2006,"MN",144552.6488
2007,"MN",143033.86762
2008,"MN",133830.87324
2009,"MN",120249.67903
2010,"MN",118559.96841
2011,"MN",110640.31869
2012,"MN",106517.77158
2013,"MN",115941.86818
2014,"MN",125509.39393
2015,"MN",128493.27555
2016,"MN",135538.53701
2017,"MN",144248.64606
2018,"MN",153254.42669
1975,"MO",30467.112382
1976,"MO",31857.27156
1977,"MO",34258.969653
1978,"MO",38909.149064
1979,"MO",43878.112037
1980,"MO",48708.954961
1981,"MO",50620.510429
1982,"MO",49241.097267
1983,"MO",50848.582259
1984,"MO",53360.894225
1985,"MO",55866.680705
1986,"MO",58974.056559
1987,"MO",62166.885242
1988,"MO",64600.890714
1989,"MO",65423.72527
1990,"MO",67374.238225
1991,"MO",67443.028125
1992,"MO",68632.582445
1993,"MO",70666.105754
1994,"MO",73628.630325
1995,"MO",76748.848559
1996,"MO",79385.534874
1997,"MO",82991.04626
1998,"MO",85307.635877
1999,"MO",90662.705709
2000,"MO",95361.791683
2001,"MO",100354.82288
2002,"MO",106199.49075
2003,"MO",112383.9709
2004,"MO",118590.78716
2005,"MO",124777.33838
2006,"MO",131707.04165
2007,"MO",133221.07499
2008,"MO",128632.02741
2009,"MO",121723.22688
2010,"MO",120271.94459
2011,"MO",111773.5138
2012,"MO",110154.53752
2013,"MO",113709.34326
2014,"MO",119709.92878
2015,"MO",123285.17681
2016,"MO",131205.76543
2017,"MO",137206.96731
2018,"MO",145373.67193
1975,"MS",42724.040318
1976,"MS",41537.84142
1977,"MS",42094.236719
1978,"MS",46913.394145
1979,"MS",51933.830884
1980,"MS",52598.775468
1981,"MS",59616.177133
1982,"MS",52509.970756
1983,"MS",60212.306034
1984,"MS",62841.520237
1985,"MS",63505.346844
1986,"MS",66413.947009
1987,"MS",67402.752713
1988,"MS",67192.212691
1989,"MS",66919.585337
1990,"MS",68364.493156
1991,"MS",69518.509785
1992,"MS",71695.586603
1993,"MS",72378.453204
1994,"MS",76064.70887
1995,"MS",80810.410249
1996,"MS",83389.524194
1997,"MS",87624.835674
1998,"MS",89971.649317
1999,"MS",93996.996149
2000,"MS",98159.50455
2001,"MS",100127.93547
2002,"MS",102563.72755
2003,"MS",106156.20504
2004,"MS",108437.05006
2005,"MS",115119.3139
2006,"MS",124753.37015
2007,"MS",133275.13591
2008,"MS",132677.04613
2009,"MS",127168.2264
2010,"MS",123276.42458
2011,"MS",119021.13617
2012,"MS",117552.75617
2013,"MS",119881.36843
2014,"MS",122431.93829
2015,"MS",125310.93869
2016,"MS",129626.48777
2017,"MS",131898.86246
2018,"MS",136434.25374
1975,"MT",26467.929176
1976,"MT",29556.642688
1977,"MT",32363.505483
1978,"MT",39713.068122
1979,"MT",44648.109439
1980,"MT",45725.425764
1981,"MT",50358.330792
1982,"MT",49415.665587
1983,"MT",48160.408793
1984,"MT",51858.834756
1985,"MT",51236.912214
1986,"MT",54296.783974
1987,"MT",52155.683719
1988,"MT",50774.049512
1989,"MT",52541.071808
1990,"MT",54339.157897
1991,"MT",56920.385708
1992,"MT",61422.006914
1993,"MT",68555.512875
1994,"MT",75671.016515
1995,"MT",82713.734896
1996,"MT",84408.121113
1997,"MT",88011.251712
1998,"MT",89267.680842
1999,"MT",91734.390685
2000,"MT",95953.992136
2001,"MT",100414.34444
2002,"MT",104911.69659
2003,"MT",111640.73249
2004,"MT",121539.21583
2005,"MT",134228.01688
2006,"MT",151666.6552
2007,"MT",164166.36851
2008,"MT",168100.77335
2009,"MT",162895.00938
2010,"MT",157292.19035
2011,"MT",148690.29029
2012,"MT",146353.45467
2013,"MT",155421.64102
2014,"MT",163347.98554
2015,"MT",170370.70403
2016,"MT",178211.94306
2017,"MT",188916.28007
2018,"MT",200660.09218
1975,"NC",28397.70091
1976,"NC",30490.657531
1977,"NC",31369.76558
1978,"NC",34193.765002
1979,"NC",37326.515257
1980,"NC",41253.043258
1981,"NC",43954.413421
1982,"NC",44069.704424
1983,"NC",46673.970278
1984,"NC",49296.168039
1985,"NC",52676.595113
1986,"NC",55830.599451
1987,"NC",59470.787314
1988,"NC",62333.186461
1989,"NC",65173.035624
1990,"NC",66752.716903
1991,"NC",67925.221694
1992,"NC",68934.553676
1993,"NC",71058.771098
1994,"NC",73417.92438
1995,"NC",77946.16142
1996,"NC",80846.29979
1997,"NC",84835.909399
1998,"NC",88774.091666
1999,"NC",92278.156425
2000,"NC",96683.928603
2001,"NC",100078.95475
2002,"NC",102692.38888
2003,"NC",105722.12577
2004,"NC",108593.45853
2005,"NC",114620.58381
2006,"NC",124190.47709
2007,"NC",131567.65423
2008,"NC",132863.49335
2009,"NC",127160.76955
2010,"NC",121935.95103
2011,"NC",115377.42847
2012,"NC",113564.04279
2013,"NC",115258.6211
2014,"NC",121223.35039
2015,"NC",125489.00506
2016,"NC",132577.17215
2017,"NC",140567.13225
2018,"NC",151495.92895
1975,"ND",40257.44963
1976,"ND",44321.785956
1977,"ND",49541.89143
1978,"ND",53066.817058
1979,"ND",58087.634485
1980,"ND",60998.155687
1981,"ND",60066.924694
1982,"ND",58897.025738
1983,"ND",57799.140317
1984,"ND",69451.295311
1985,"ND",69142.871352
1986,"ND",69419.455686
1987,"ND",68506.327791
1988,"ND",67197.713225
1989,"ND",66192.091396
1990,"ND",69540.55002
1991,"ND",69727.944398
1992,"ND",72175.994246
1993,"ND",75726.385279
1994,"ND",79935.896179
1995,"ND",85163.591911
1996,"ND",87918.620308
1997,"ND",89665.855082
1998,"ND",93012.081864
1999,"ND",95127.720053
2000,"ND",98026.051288
2001,"ND",100323.57552
2002,"ND",104217.02846
2003,"ND",110564.50785
2004,"ND",116933.78414
2005,"ND",125402.0075
2006,"ND",136115.66357
2007,"ND",142048.63375
2008,"ND",145847.54812
2009,"ND",148657.63718
2010,"ND",152914.54115
2011,"ND",156485.6204
2012,"ND",164946.70404
2013,"ND",178973.18
2014,"ND",193653.99584
2015,"ND",205945.24179
2016,"ND",212468.36557
2017,"ND",215859.97741
2018,"ND",216932.66663
1975,"NE",31173.869418
1976,"NE",32656.597605
1977,"NE",35765.324414
1978,"NE",40315.219748
1979,"NE",44196.798937
1980,"NE",49095.259311
1981,"NE",51483.901666
1982,"NE",52911.543099
1983,"NE",54194.51222
1984,"NE",56690.321453
1985,"NE",55976.470155
1986,"NE",57027.557609
1987,"NE",57504.283168
1988,"NE",57086.473935
1989,"NE",58016.541997
1990,"NE",60677.498903
1991,"NE",62928.17225
1992,"NE",65653.09671
1993,"NE",70096.582512
1994,"NE",74638.857593
1995,"NE",78127.34538
1996,"NE",80685.744472
1997,"NE",85715.722735
1998,"NE",90851.707196
1999,"NE",95497.509261
2000,"NE",97656.463444
2001,"NE",100075.73558
2002,"NE",103807.78378
2003,"NE",107577.12387
2004,"NE",111010.09981
2005,"NE",115330.89541
2006,"NE",118967.64479
2007,"NE",119802.23935
2008,"NE",117644.65264
2009,"NE",115623.98699
2010,"NE",117138.5126
2011,"NE",115107.42208
2012,"NE",114457.90178
2013,"NE",119349.52198
2014,"NE",124111.81389
2015,"NE",129381.57418
2016,"NE",134773.8038
2017,"NE",141949.54786
2018,"NE",152376.35498
1975,"NH",22890.071033
1976,"NH",23929.138906
1977,"NH",26304.031047
1978,"NH",28832.487076
1979,"NH",32716.511311
1980,"NH",35373.964983
1981,"NH",36870.827548
1982,"NH",37728.058819
1983,"NH",39308.098078
1984,"NH",43444.717238
1985,"NH",49662.816924
1986,"NH",62186.736399
1987,"NH",75359.609761
1988,"NH",81864.351788
1989,"NH",83156.64981
1990,"NH",82049.614577
1991,"NH",73224.291669
1992,"NH",67969.229973
1993,"NH",64240.99357
1994,"NH",64037.330406
1995,"NH",65001.742783
1996,"NH",66485.91306
1997,"NH",68979.413073
1998,"NH",72390.777802
1999,"NH",79494.196331
2000,"NH",88365.264367
2001,"NH",101015.81585
2002,"NH",113072.34687
2003,"NH",128089.08302
2004,"NH",140651.45597
2005,"NH",153906.3436
2006,"NH",160329.27106
2007,"NH",155210.43409
2008,"NH",146549.09336
2009,"NH",136377.69243
2010,"NH",133029.41339
2011,"NH",126883.5219
2012,"NH",123447.96457
2013,"NH",125691.82973
2014,"NH",132432.78174
2015,"NH",137093.87833
2016,"NH",143383.52253
2017,"NH",151916.06499
2018,"NH",161233.00324
1975,"NJ",22833.266441
1976,"NJ",22863.936435
1977,"NJ",23563.673435
1978,"NJ",27308.344187
1979,"NJ",28869.790998
1980,"NJ",33447.636836
1981,"NJ",36140.463226
1982,"NJ",37627.192436
1983,"NJ",38476.859048
1984,"NJ",41804.662054
1985,"NJ",47467.604479
1986,"NJ",55980.882638
1987,"NJ",69887.297292
1988,"NJ",80943.887291
1989,"NJ",83334.785803
1990,"NJ",82379.834204
1991,"NJ",76718.925081
1992,"NJ",76482.983804
1993,"NJ",76318.178784
1994,"NJ",75985.774899
1995,"NJ",76551.977861
1996,"NJ",76037.104925
1997,"NJ",77430.49553
1998,"NJ",79302.061006
1999,"NJ",83826.350628
2000,"NJ",91401.287037
2001,"NJ",100950.56466
2002,"NJ",112320.42351
2003,"NJ",130231.74686
2004,"NJ",146862.12082
2005,"NJ",167289.27685
2006,"NJ",185862.90345
2007,"NJ",184279.11733
2008,"NJ",177885.10123
2009,"NJ",163398.18984
2010,"NJ",157932.59887
2011,"NJ",151425.45839
2012,"NJ",142989.28657
2013,"NJ",143107.28613
2014,"NJ",149525.51342
2015,"NJ",151383.32382
2016,"NJ",153615.13995
2017,"NJ",157562.50357
2018,"NJ",166802.48299
1975,"NM",27787.610045
1976,"NM",29383.489402
1977,"NM",32930.28158
1978,"NM",37909.627086
1979,"NM",43643.609998
1980,"NM",50364.304669
1981,"NM",52305.087712
1982,"NM",55621.186609
1983,"NM",57917.505347
1984,"NM",61071.673452
1985,"NM",62901.231798
1986,"NM",65586.766817
1987,"NM",67141.540656
1988,"NM",66945.872534
1989,"NM",66811.379139
1990,"NM",69102.215963
1991,"NM",69274.636016
1992,"NM",72426.491452
1993,"NM",75709.153545
1994,"NM",83091.809433
1995,"NM",90700.691584
1996,"NM",92925.378608
1997,"NM",94425.73925
1998,"NM",94851.160658
1999,"NM",97401.371521
2000,"NM",99209.059062
2001,"NM",100281.70488
2002,"NM",103452.09862
2003,"NM",109949.36004
2004,"NM",117222.04146
2005,"NM",128682.78456
2006,"NM",147150.48588
2007,"NM",160505.79198
2008,"NM",158591.72916
2009,"NM",149188.32137
2010,"NM",144365.13853
2011,"NM",137651.01028
2012,"NM",132175.09143
2013,"NM",133921.81435
2014,"NM",136377.25591
2015,"NM",138907.94622
2016,"NM",142910.1346
2017,"NM",148401.41377
2018,"NM",155224.04129
1975,"NV",27449.523627
1976,"NV",31242.552776
1977,"NV",32454.311152
1978,"NV",38661.465572
1979,"NV",47065.049077
1980,"NV",52710.990658
1981,"NV",57729.12164
1982,"NV",61994.833309
1983,"NV",62478.175775
1984,"NV",62369.927636
1985,"NV",60928.350193
1986,"NV",62515.606597
1987,"NV",64252.033807
1988,"NV",65311.86827
1989,"NV",68376.764298
1990,"NV",72579.61184
1991,"NV",77928.669765
1992,"NV",79700.911625
1993,"NV",80956.041516
1994,"NV",82237.342826
1995,"NV",85981.20788
1996,"NV",87455.785652
1997,"NV",89302.83395
1998,"NV",90367.008326
1999,"NV",92429.183935
2000,"NV",96171.953551
2001,"NV",100545.22823
2002,"NV",107475.98009
2003,"NV",116894.05451
2004,"NV",138286.95623
2005,"NV",185879.46443
2006,"NV",210261.66741
2007,"NV",202358.72674
2008,"NV",169019.57496
2009,"NV",117193.72502
2010,"NV",99298.22358
2011,"NV",91782.165901
2012,"NV",84713.646897
2013,"NV",100879.90783
2014,"NV",123994.78375
2015,"NV",135544.73834
2016,"NV",149297.63903
2017,"NV",162178.38695
2018,"NV",183861.53077
1975,"NY",23849.73599
1976,"NY",23809.441965
1977,"NY",23684.147532
1978,"NY",25278.289449
1979,"NY",26991.240943
1980,"NY",28852.185362
1981,"NY",31877.958332
1982,"NY",33581.838583
1983,"NY",37028.105414
1984,"NY",42705.673878
1985,"NY",49859.439849
1986,"NY",58682.764416
1987,"NY",69307.729646
1988,"NY",78173.84381
1989,"NY",80960.285185
1990,"NY",81624.725956
1991,"NY",78868.796811
1992,"NY",78064.304999
1993,"NY",78024.054414
1994,"NY",76849.882296
1995,"NY",76882.855349
1996,"NY",76573.455507
1997,"NY",77450.7541
1998,"NY",79360.948266
1999,"NY",84512.655458
2000,"NY",92417.119721
2001,"NY",100613.82436
2002,"NY",110684.51579
2003,"NY",125642.45155
2004,"NY",138508.65625
2005,"NY",153527.20942
2006,"NY",166409.37966
2007,"NY",165151.86091
2008,"NY",164539.04854
2009,"NY",156072.75456
2010,"NY",153113.3616
2011,"NY",150476.32845
2012,"NY",145342.46986
2013,"NY",147658.13347
2014,"NY",152500.56999
2015,"NY",155077.94368
2016,"NY",160327.31385
2017,"NY",168726.00346
2018,"NY",179937.91564
1975,"OH",30322.620336
1976,"OH",31982.11088
1977,"OH",34261.514602
1978,"OH",38593.129978
1979,"OH",43526.588155
1980,"OH",46178.951272
1981,"OH",48038.529705
1982,"OH",47181.224221
1983,"OH",47566.876665
1984,"OH",49762.788898
1985,"OH",49584.661811
1986,"OH",51437.043618
1987,"OH",54573.999537
1988,"OH",58210.491524
1989,"OH",61359.621247
1990,"OH",64727.638194
1991,"OH",67051.917406
1992,"OH",70027.142191
1993,"OH",72746.888835
1994,"OH",76298.078609
1995,"OH",79876.702177
1996,"OH",83251.188237
1997,"OH",86475.786542
1998,"OH",89250.542104
1999,"OH",92837.305989
2000,"OH",96997.660292
2001,"OH",100073.45393
2002,"OH",103566.20824
2003,"OH",106752.70335
2004,"OH",109544.32433
2005,"OH",112550.62138
2006,"OH",114781.1705
2007,"OH",113397.96361
2008,"OH",107481.94484
2009,"OH",100395.07579
2010,"OH",100993.61318
2011,"OH",95911.08572
2012,"OH",94798.069214
2013,"OH",96420.10744
2014,"OH",101560.56864
2015,"OH",105072.45967
2016,"OH",110754.08674
2017,"OH",115671.78771
2018,"OH",123631.90426
1975,"OK",37523.968984
1976,"OK",39313.716698
1977,"OK",42944.474816
1978,"OK",49953.816192
1979,"OK",59850.798622
1980,"OK",67847.437957
1981,"OK",70962.275354
1982,"OK",77765.061093
1983,"OK",82208.93925
1984,"OK",83000.954439
1985,"OK",80311.668756
1986,"OK",76573.78265
1987,"OK",73369.06291
1988,"OK",66237.858748
1989,"OK",65358.458618
1990,"OK",66306.665813
1991,"OK",67621.812189
1992,"OK",70884.837128
1993,"OK",72923.314621
1994,"OK",77104.108207
1995,"OK",80501.990721
1996,"OK",82748.982347
1997,"OK",85573.199365
1998,"OK",88221.451504
1999,"OK",93068.347003
2000,"OK",96531.779606
2001,"OK",100009.34798
2002,"OK",103989.61287
2003,"OK",108152.97222
2004,"OK",111986.70632
2005,"OK",116381.86811
2006,"OK",123758.717
2007,"OK",128939.35118
2008,"OK",130475.19165
2009,"OK",129211.19453
2010,"OK",131502.21571
2011,"OK",127466.1971
2012,"OK",128318.58678
2013,"OK",132197.25904
2014,"OK",136435.29715
2015,"OK",142812.20856
2016,"OK",146973.97193
2017,"OK",150105.28506
2018,"OK",156452.23214
1975,"OR",19683.610964
1976,"OR",22877.810237
1977,"OR",27280.630891
1978,"OR",32164.936008
1979,"OR",38337.56269
1980,"OR",41390.189398
1981,"OR",42051.474396
1982,"OR",39125.146768
1983,"OR",42179.68673
1984,"OR",40594.864877
1985,"OR",41535.53006
1986,"OR",39174.234086
1987,"OR",39779.200757
1988,"OR",39687.8912
1989,"OR",42445.718435
1990,"OR",47374.453939
1991,"OR",53764.415123
1992,"OR",58603.881862
1993,"OR",63508.227125
1994,"OR",69462.125886
1995,"OR",77131.675284
1996,"OR",81653.841621
1997,"OR",87769.495269
1998,"OR",90634.635611
1999,"OR",94236.748073
2000,"OR",97965.45881
2001,"OR",100338.51302
2002,"OR",105349.373
2003,"OR",111785.47565
2004,"OR",119838.56127
2005,"OR",135511.30547
2006,"OR",163195.87072
2007,"OR",176272.99396
2008,"OR",172751.53091
2009,"OR",154523.78394
2010,"OR",143775.80975
2011,"OR",130916.34791
2012,"OR",127363.35768
2013,"OR",138047.50811
2014,"OR",153911.74866
2015,"OR",163966.48475
2016,"OR",182154.09263
2017,"OR",200756.26632
2018,"OR",215789.83612
1975,"PA",28980.390919
1976,"PA",30905.769669
1977,"PA",32738.257076
1978,"PA",36023.904686
1979,"PA",39645.893885
1980,"PA",43403.123813
1981,"PA",44849.892087
1982,"PA",45060.186856
1983,"PA",46226.471751
1984,"PA",49938.910229
1985,"PA",51909.152784
1986,"PA",55600.610345
1987,"PA",62599.082571
1988,"PA",70913.034512
1989,"PA",78151.940353
1990,"PA",82034.831082
1991,"PA",82397.830522
1992,"PA",84064.540176
1993,"PA",84812.529205
1994,"PA",85316.884287
1995,"PA",85971.53014
1996,"PA",86099.391603
1997,"PA",87662.536514
1998,"PA",88642.031569
1999,"PA",91616.412205
2000,"PA",96027.098288
2001,"PA",100311.87792
2002,"PA",107259.3439
2003,"PA",117035.41389
2004,"PA",127298.85918
2005,"PA",141148.59997
2006,"PA",153565.08027
2007,"PA",158239.62655
2008,"PA",158063.77555
2009,"PA",150669.03053
2010,"PA",150347.04029
2011,"PA",145122.98792
2012,"PA",142127.37894
2013,"PA",144780.82386
2014,"PA",148015.69904
2015,"PA",151126.10885
2016,"PA",153776.38326
2017,"PA",160314.13076
2018,"PA",168730.57386
1975,"RI",20165.461336
1976,"RI",22478.510345
1977,"RI",24564.76282
1978,"RI",26567.572993
1979,"RI",31393.018914
1980,"RI",33786.571374
1981,"RI",34341.989597
1982,"RI",34544.27046
1983,"RI",36366.529617
1984,"RI",39604.291891
1985,"RI",43769.57767
1986,"RI",51446.020796
1987,"RI",68506.573955
1988,"RI",84392.505218
1989,"RI",87434.595649
1990,"RI",89955.988021
1991,"RI",86513.342367
1992,"RI",82165.571926
1993,"RI",79816.897235
1994,"RI",77740.001252
1995,"RI",77596.746002
1996,"RI",76130.758482
1997,"RI",77514.678786
1998,"RI",78085.770405
1999,"RI",81937.001556
2000,"RI",90114.267151
2001,"RI",100971.71855
2002,"RI",115443.80504
2003,"RI",138955.57174
2004,"RI",162572.57211
2005,"RI",185390.91068
2006,"RI",194876.92327
2007,"RI",188481.7677
2008,"RI",175422.43693
2009,"RI",153338.22121
2010,"RI",149416.58718
2011,"RI",143870.24565
2012,"RI",137130.25733
2013,"RI",137280.85362
2014,"RI",143413.62899
2015,"RI",149195.27092
2016,"RI",156600.79093
2017,"RI",166367.37941
2018,"RI",180247.22306
1975,"SC",31701.849441
1976,"SC",31742.941996
1977,"SC",33309.107843
1978,"SC",36215.536609
1979,"SC",39763.956515
1980,"SC",43727.126088
1981,"SC",46954.464205
1982,"SC",50563.132814
1983,"SC",49763.635367
1984,"SC",53337.854977
1985,"SC",54580.329671
1986,"SC",57111.162088
1987,"SC",60005.582002
1988,"SC",62952.406525
1989,"SC",64748.507926
1990,"SC",67043.463923
1991,"SC",68673.791993
1992,"SC",70505.187221
1993,"SC",71841.928621
1994,"SC",73649.324837
1995,"SC",76982.701994
1996,"SC",78733.807646
1997,"SC",82001.944144
1998,"SC",86259.851279
1999,"SC",90988.056517
2000,"SC",96532.554572
2001,"SC",100263.29635
2002,"SC",103841.24139
2003,"SC",106261.11308
2004,"SC",111055.61863
2005,"SC",117567.66512
2006,"SC",128401.74362
2007,"SC",135890.16365
2008,"SC",136001.86749
2009,"SC",128827.59346
2010,"SC",124204.54379
2011,"SC",116568.13384
2012,"SC",114610.44773
2013,"SC",115377.81058
2014,"SC",121487.43286
2015,"SC",127226.1422
2016,"SC",135156.28466
2017,"SC",142431.30683
2018,"SC",151808.30084
1975,"SD",37463.248514
1976,"SD",35271.35432
1977,"SD",38192.855038
1978,"SD",43003.479557
1979,"SD",45284.169944
1980,"SD",49248.448245
1981,"SD",50469.194395
1982,"SD",46638.259257
1983,"SD",50440.510629
1984,"SD",54376.647538
1985,"SD",58157.249251
1986,"SD",57594.225393
1987,"SD",58572.74703
1988,"SD",58083.103763
1989,"SD",57413.504117
1990,"SD",60096.959676
1991,"SD",62820.654573
1992,"SD",65909.054919
1993,"SD",69914.898471
1994,"SD",75569.595735
1995,"SD",79761.386665
1996,"SD",82418.615801
1997,"SD",85191.637587
1998,"SD",89166.672656
1999,"SD",91612.19437
2000,"SD",96194.631588
2001,"SD",100202.67991
2002,"SD",104586.60301
2003,"SD",108544.63184
2004,"SD",114335.54028
2005,"SD",119601.88039
2006,"SD",126710.09987
2007,"SD",131034.49688
2008,"SD",133852.5213
2009,"SD",133903.4784
2010,"SD",135201.85609
2011,"SD",132386.53467
2012,"SD",132028.32021
2013,"SD",139023.27864
2014,"SD",145315.03646
2015,"SD",150388.84797
2016,"SD",158700.75834
2017,"SD",163304.62706
2018,"SD",171949.20105
1975,"TN",32390.954056
1976,"TN",34629.672567
1977,"TN",35339.504372
1978,"TN",39944.908967
1979,"TN",42715.288887
1980,"TN",46297.90142
1981,"TN",47591.687909
1982,"TN",50456.00424
1983,"TN",51419.289955
1984,"TN",53398.312412
1985,"TN",56110.339302
1986,"TN",58792.0628
1987,"TN",62494.594311
1988,"TN",65317.152566
1989,"TN",66502.936758
1990,"TN",68306.591476
1991,"TN",68278.755576
1992,"TN",69195.101716
1993,"TN",70973.484586
1994,"TN",74745.49789
1995,"TN",79296.308334
1996,"TN",83551.133387
1997,"TN",87221.705009
1998,"TN",90272.221635
1999,"TN",94798.063371
2000,"TN",98381.465298
2001,"TN",100085.40867
2002,"TN",103378.83814
2003,"TN",106754.45358
2004,"TN",110459.24575
2005,"TN",116710.96076
2006,"TN",126207.36239
2007,"TN",132932.92318
2008,"TN",133167.21619
2009,"TN",125954.55404
2010,"TN",123400.28521
2011,"TN",119199.05956
2012,"TN",118286.58428
2013,"TN",123107.67607
2014,"TN",129740.31655
2015,"TN",135424.81817
2016,"TN",143171.89504
2017,"TN",153153.26213
2018,"TN",165222.06874
1975,"TX",32658.956128
1976,"TX",34659.288917
1977,"TX",37395.917298
1978,"TX",42463.023717
1979,"TX",49145.340831
1980,"TX",57596.482794
1981,"TX",61559.040169
1982,"TX",68002.99357
1983,"TX",70391.188968
1984,"TX",73467.076456
1985,"TX",75682.469523
1986,"TX",75573.597663
1987,"TX",73539.734336
1988,"TX",68273.660656
1989,"TX",66288.350144
1990,"TX",67325.646084
1991,"TX",68029.430552
1992,"TX",69930.275631
1993,"TX",71627.273011
1994,"TX",74601.845142
1995,"TX",76386.554475
1996,"TX",78895.940962
1997,"TX",80548.753864
1998,"TX",83772.575354
1999,"TX",88527.770023
2000,"TX",94727.226477
2001,"TX",100631.20554
2002,"TX",104220.36504
2003,"TX",108185.49117
2004,"TX",110663.49092
2005,"TX",114421.33981
2006,"TX",121295.67759
2007,"TX",128014.01511
2008,"TX",130050.7654
2009,"TX",127286.12154
2010,"TX",128816.32421
2011,"TX",125669.60709
2012,"TX",126374.1475
2013,"TX",134518.82623
2014,"TX",146204.72078
2015,"TX",157796.38761
2016,"TX",169005.02567
2017,"TX",180810.17206
2018,"TX",193251.3956
1975,"UT",24781.341365
1976,"UT",27007.556123
1977,"UT",29715.787426
1978,"UT",33932.459376
1979,"UT",40092.244545
1980,"UT",43344.915879
1981,"UT",45847.951836
1982,"UT",46597.049613
1983,"UT",49466.588546
1984,"UT",49652.985557
1985,"UT",50117.180749
1986,"UT",49927.655545
1987,"UT",50154.625354
1988,"UT",48499.455235
1989,"UT",47579.442827
1990,"UT",49420.347924
1991,"UT",51164.24413
1992,"UT",54616.80134
1993,"UT",59868.0531
1994,"UT",69429.744671
1995,"UT",79611.677839
1996,"UT",85071.719451
1997,"UT",90734.288202
1998,"UT",93201.846198
1999,"UT",95631.193073
2000,"UT",98229.596314
2001,"UT",99998.674455
2002,"UT",101494.42133
2003,"UT",102407.00661
2004,"UT",105528.47243
2005,"UT",113382.18218
2006,"UT",131092.58634
2007,"UT",152645.08222
2008,"UT",155207.17878
2009,"UT",138260.79168
2010,"UT",129575.26589
2011,"UT",121235.96644
2012,"UT",119588.59789
2013,"UT",130465.79681
2014,"UT",142574.90357
2015,"UT",148838.93469
2016,"UT",160554.12839
2017,"UT",172564.49085
2018,"UT",191218.51577
1975,"VA",27788.206319
1976,"VA",28868.747711
1977,"VA",30673.144476
1978,"VA",33369.917192
1979,"VA",37540.339568
1980,"VA",41232.627255
1981,"VA",44945.768363
1982,"VA",45620.476383
1983,"VA",47747.181058
1984,"VA",50660.785949
1985,"VA",53306.502726
1986,"VA",55908.409166
1987,"VA",60661.836049
1988,"VA",67425.77873
1989,"VA",73976.382726
1990,"VA",77805.341603
1991,"VA",77211.162081
1992,"VA",77721.9406
1993,"VA",77579.677505
1994,"VA",78607.833876
1995,"VA",80368.175068
1996,"VA",80624.510374
1997,"VA",82202.557064
1998,"VA",83586.336853
1999,"VA",87380.72407
2000,"VA",92692.539643
2001,"VA",100707.27746
2002,"VA",110394.14769
2003,"VA",122427.71593
2004,"VA",138004.91281
2005,"VA",164121.46806
2006,"VA",187715.47117
2007,"VA",188195.4048
2008,"VA",177390.26809
2009,"VA",157650.07716
2010,"VA",160052.01546
2011,"VA",152886.40434
2012,"VA",151795.3184
2013,"VA",158438.25965
2014,"VA",166804.77483
2015,"VA",170452.76127
2016,"VA",174230.26251
2017,"VA",180402.30275
2018,"VA",189133.82998
1975,"VT",27916.940591
1976,"VT",29313.064389
1977,"VT",31003.311427
1978,"VT",33760.035107
1979,"VT",38008.211953
1980,"VT",39990.938086
1981,"VT",43306.738965
1982,"VT",40890.483336
1983,"VT",43389.510652
1984,"VT",46129.250862
1985,"VT",49249.709284
1986,"VT",53836.307566
1987,"VT",62250.394494
1988,"VT",71281.737323
1989,"VT",79554.416961
1990,"VT",83837.33074
1991,"VT",82962.345762
1992,"VT",81023.015791
1993,"VT",81342.376474
1994,"VT",81967.615972
1995,"VT",81889.105443
1996,"VT",82312.529995
1997,"VT",83561.210262
1998,"VT",83733.001478
1999,"VT",87311.325696
2000,"VT",94580.041378
2001,"VT",100894.78821
2002,"VT",109740.83098
2003,"VT",119530.03716
2004,"VT",131670.49261
2005,"VT",149861.59376
2006,"VT",163698.22324
2007,"VT",167204.04423
2008,"VT",164634.76322
2009,"VT",161743.95847
2010,"VT",158465.62439
2011,"VT",157737.31645
2012,"VT",156491.76827
2013,"VT",157954.22702
2014,"VT",159646.764
2015,"VT",158728.23064
2016,"VT",164358.82613
2017,"VT",168007.68081
2018,"VT",177915.88188
1975,"WA",17481.31378
1976,"WA",18953.097239
1977,"WA",21675.586842
1978,"WA",26841.294879
1979,"WA",32136.401683
1980,"WA",36754.170656
1981,"WA",37761.337377
1982,"WA",39608.715208
1983,"WA",38197.13707
1984,"WA",38673.372781
1985,"WA",40862.184841
1986,"WA",41157.361287
1987,"WA",42522.631569
1988,"WA",43782.199758
1989,"WA",46933.532608
1990,"WA",56827.197908
1991,"WA",63738.954502
1992,"WA",67408.757334
1993,"WA",70384.417487
1994,"WA",73396.047643
1995,"WA",76692.978583
1996,"WA",77183.076804
1997,"WA",80213.483962
1998,"WA",84941.18962
1999,"WA",90282.658876
2000,"WA",96472.327151
2001,"WA",100489.49444
2002,"WA",105125.70917
2003,"WA",110966.53805
2004,"WA",119939.5821
2005,"WA",135086.6805
2006,"WA",158917.44178
2007,"WA",174774.00683
2008,"WA",173772.96472
2009,"WA",153383.14211
2010,"WA",144476.97632
2011,"WA",132878.23639
2012,"WA",124612.29532
2013,"WA",136526.50887
2014,"WA",148057.77986
2015,"WA",160254.66392
2016,"WA",178264.81735
2017,"WA",198521.89565
2018,"WA",225377.94665
1975,"WI",27784.808956
1976,"WI",30794.189975
1977,"WI",32925.74573
1978,"WI",38123.517892
1979,"WI",41821.221845
1980,"WI",43947.284128
1981,"WI",45225.349678
1982,"WI",39661.854342
1983,"WI",45650.914198
1984,"WI",46278.811479
1985,"WI",46562.238074
1986,"WI",48221.382733
1987,"WI",49608.673612
1988,"WI",51407.087267
1989,"WI",54093.250268
1990,"WI",57160.28986
1991,"WI",59673.822111
1992,"WI",62613.139955
1993,"WI",67186.546718
1994,"WI",72877.106307
1995,"WI",76630.78009
1996,"WI",80237.31029
1997,"WI",83220.855559
1998,"WI",86142.577357
1999,"WI",90241.18403
2000,"WI",96284.971529
2001,"WI",100221.54614
2002,"WI",106062.91954
2003,"WI",112570.79505
2004,"WI",119835.07084
2005,"WI",127393.95183
2006,"WI",133776.20945
2007,"WI",134355.09483
2008,"WI",132440.3118
2009,"WI",125329.36477
2010,"WI",122953.35332
2011,"WI",117263.84978
2012,"WI",111984.52659
2013,"WI",112279.48128
2014,"WI",118287.76309
2015,"WI",121584.61242
2016,"WI",127208.63605
2017,"WI",134138.91316
2018,"WI",141752.49083
1975,"WV",40650.660299
1976,"WV",48219.895174
1977,"WV",48774.693365
1978,"WV",53479.160123
1979,"WV",59513.316927
1980,"WV",62318.783607
1981,"WV",67201.165384
1982,"WV",60729.513214
1983,"WV",57055.803993
1984,"WV",67149.114506
1985,"WV",62042.760351
1986,"WV",61493.363545
1987,"WV",64777.264442
1988,"WV",66741.479599
1989,"WV",66246.419399
1990,"WV",69751.620934
1991,"WV",71310.344615
1992,"WV",74768.924401
1993,"WV",78820.725174
1994,"WV",81194.66363
1995,"WV",86185.777167
1996,"WV",88753.89649
1997,"WV",90164.517029
1998,"WV",92763.293474
1999,"WV",95761.553794
2000,"WV",98756.121028
2001,"WV",100260.35034
2002,"WV",102360.10806
2003,"WV",107362.31723
2004,"WV",112284.44195
2005,"WV",119622.45632
2006,"WV",129379.85078
2007,"WV",133331.89268
2008,"WV",133674.57592
2009,"WV",131531.36804
2010,"WV",129746.87824
2011,"WV",129058.41434
2012,"WV",128958.20029
2013,"WV",132416.1184
2014,"WV",136995.80828
2015,"WV",139942.8938
2016,"WV",140873.50945
2017,"WV",144904.13524
2018,"WV",147889.24209
1975,"WY",31386.310608
1976,"WY",35808.542527
1977,"WY",41106.021777
1978,"WY",47407.656322
1979,"WY",54362.696796
1980,"WY",62669.508285
1981,"WY",63513.349082
1982,"WY",68080.574895
1983,"WY",66953.439408
1984,"WY",64354.820293
1985,"WY",62156.722879
1986,"WY",61499.410763
1987,"WY",57886.090922
1988,"WY",50862.119258
1989,"WY",51858.202498
1990,"WY",55351.905911
1991,"WY",59048.149596
1992,"WY",63631.254408
1993,"WY",67203.850741
1994,"WY",73393.650654
1995,"WY",79775.857544
1996,"WY",85275.113803
1997,"WY",86670.686415
1998,"WY",89422.138054
1999,"WY",91381.333532
2000,"WY",96098.036342
2001,"WY",99993.652944
2002,"WY",107223.19299
2003,"WY",113878.44872
2004,"WY",123434.58877
2005,"WY",136948.75637
2006,"WY",153610.72242
2007,"WY",170611.46156
2008,"WY",175897.36307
2009,"WY",169974.99648
2010,"WY",166880.20685
2011,"WY",161890.82127
2012,"WY",161583.77017
2013,"WY",166374.43478
2014,"WY",173891.29784
2015,"WY",180943.09151
2016,"WY",183834.9041
2017,"WY",185945.90134
2018,"WY",193129.01343
