"","naicscode2digit","tic","year.x","company","assets","equity","debt","naicscode","year.y","grossprofit","netincome","revenue","return_on_assets","industry"
"1",21,"BKR",2019,"BAKER HUGHES CO",53369,21929,6942,213112,2019,5850,128,23838,0.00239839607262643,"Mining"
"2",21,"FCX",2019,"FREEPORT-MCMORAN INC",40809,9298,10025,212230,2019,3040,-239,14568,-0.00585655125094955,"Mining"
"3",21,"HAL",2019,"HALLIBURTON CO",25377,8012,11265,213112,2019,3910,-1131,22408,-0.0445679158292942,"Mining"
"4",21,"MLM",2019,"MARTIN MARIETTA MATERIALS",10131.6,5350.8,2873.4,212313,2019,1546.4,611.9,4739.1,0.0603951991788069,"Mining"
"5",21,"NEM",2019,"NEWMONT CORP",39974,21420,6781,212221,2019,4509,2805,9740,0.0701706108970831,"Mining"
"6",21,"PXD",2019,"PIONEER NATURAL RESOURCES CO",19067,12119,2565,211120,2019,3889,756,9671,0.0396496564745372,"Mining"
"7",21,"SLB",2019,"SCHLUMBERGER LTD",56312,23760,15687,213112,2019,7079,-10137,32917,-0.180014916891604,"Mining"
"8",21,"VMC",2019,"VULCAN MATERIALS CO",10648.793,5621.857,3172.357,212319,2019,1630.497,617.662,4929.103,0.0580030055988505,"Mining"
"9",22,"ATO",2019,"ATMOS ENERGY CORP",13367.619,5750.223,3529.452,221210,2019,1137.514,511.406,2901.848,0.0382570748014287,"Utilities"
"10",22,"AWK",2019,"AMERICAN WATER WORKS CO INC",21327,6121,8733,221310,2019,1800,621,3610,0.0291180194120129,"Utilities"
"11",22,"NI",2019,"NISOURCE INC",22659.8,5106.7,7907.8,221210,2019,1789,383.1,5208.9,0.0169065922911941,"Utilities"
"12",22,"OKE",2019,"ONEOK INC",21812.121,6225.951,12517.562,221210,2019,2393.463,1278.577,10164.367,0.0586177291057573,"Utilities"
"13",23,"DHI",2019,"D R HORTON INC",15606.6,10020.9,1794.1,236117,2019,3955.7,1618.5,17610.5,0.103706124332013,"Construction"
"14",23,"FTI",2019,"TECHNIPFMC PLC",23518.8,7659.3,4661.7,237120,2019,2968,-2415.2,13409.1,-0.102692314233719,"Construction"
"15",23,"LEN",2019,"LENNAR CORP",29359.511,15949.517,7014.438,236117,2019,4695.515,1849.052,22259.561,0.0629796593001838,"Construction"
"16",23,"NVR",2019,"NVR INC",3809.815,2341.244,690.806,236117,2019,1599.398,878.539,7428.442,0.230598861099555,"Construction"
"17",23,"PHM",2019,"PULTEGROUP INC",10715.597,5458.18,2835.121,236117,2019,2424.072,1016.7,10212.957,0.0948803879055922,"Construction"
"18",23,"PWR",2019,"QUANTA SERVICES INC",8331.682,4050.292,1488.716,238210,2019,1897.559,402.044,12160.953,0.0482548421795263,"Construction"
"19",31,"BF.B",2018,"BROWN FORMAN CORP",5139,1647,2290,312140,2018,2238,835,3324,0.162482973341117,"Manufacturing"
"20",31,"CPB",2019,"CAMPBELL SOUP CO",13148,1103,7103,311422,2019,3026,211,8107,0.0160480681472467,"Manufacturing"
"21",31,"GIS",2018,"GENERAL MILLS INC",30111.2,7054.5,11624.8,311230,2018,6442.5,1752.7,16865.2,0.0582075772470044,"Manufacturing"
"22",31,"HRL",2019,"HORMEL FOODS CORP",8109.004,5921.458,250,311611,2019,2049.416,978.806,9497.317,0.1207060694507,"Manufacturing"
"23",31,"K",2019,"KELLOGG CO",17564,2747,7628,311230,2019,5058,960,13578,0.054657253473013,"Manufacturing"
"24",31,"KO",2019,"COCA-COLA CO",86381,18981,28627,312111,2019,23993,8920,37266,0.103263449138121,"Manufacturing"
"25",31,"LW",2018,"LAMB WESTON HOLDINGS INC",3048.1,-4.6,2280.2,311411,2018,1161.2,478.6,3756.5,0.157015845936813,"Manufacturing"
"26",31,"MDLZ",2019,"MONDELEZ INTERNATIONAL INC",64549,27275,14610,311821,2019,11084,3870,25868,0.0599544532060915,"Manufacturing"
"27",31,"MHK",2019,"MOHAWK INDUSTRIES INC",13386.68,8119.841,1746.543,314110,2019,3343.629,744.211,9970.672,0.0555933958233109,"Manufacturing"
"28",31,"MKC",2019,"MCCORMICK & CO INC",10362.1,3444.2,3625.8,311942,2019,2292.9,704.6,5347.4,0.0679977996738113,"Manufacturing"
"29",31,"MNST",2019,"MONSTER BEVERAGE CORP",5150.352,4171.281,25.651,312111,2019,2579.312,1107.835,4200.819,0.215098890328273,"Manufacturing"
"30",31,"MO",2019,"ALTRIA GROUP INC",49271,6222,27042,312230,2019,12895,-1293,19796,-0.0262426173611252,"Manufacturing"
"31",31,"NKE",2018,"NIKE INC  -CL B",23717,9040,3464,316210,2018,18179,4029,39117,0.16987814647721,"Manufacturing"
"32",31,"PM",2019,"PHILIP MORRIS INTERNATIONAL",42875,-11577,27225,312230,2019,20190,7185,29805,0.167580174927114,"Manufacturing"
"33",31,"SJM",2018,"SMUCKER (JM) CO",16711.3,7970.5,4686.3,311421,2018,3120.5,514.4,7838,0.0307815669636713,"Manufacturing"
"34",31,"STZ",2018,"CONSTELLATION BRANDS",29231.5,12551,11759.8,312120,2018,4420.7,3435.9,8116,0.1175410088432,"Manufacturing"
"35",31,"TAP",2019,"MOLSON COORS BEVERAGE CO",28859.8,13419.4,8229,312120,2019,4810,241.7,10579.4,0.00837497141352331,"Manufacturing"
"36",31,"TPR",2019,"TAPESTRY INC",6877.3,3513.4,1601.9,316992,2019,4349.7,643.4,6027.1,0.0935541564276678,"Manufacturing"
"37",31,"TSN",2019,"TYSON FOODS INC  -CL A",33097,14082,9830,311611,2019,6191,2022,42405,0.0610931504365955,"Manufacturing"
"38",31,"VFC",2018,"VF CORP",10356.785,4298.516,2115.884,315220,2018,7405.528,1259.792,13848.66,0.121639292502451,"Manufacturing"
"39",32,"ABBV",2019,"ABBVIE INC",89115,-8172,63226,325414,2019,27869,7882,33266,0.08844751164226,"Manufacturing"
"40",32,"ALB",2019,"ALBEMARLE CORP",9860.863,3932.25,2977.607,325180,2019,1469.878,533.228,3589.427,0.0540751859142552,"Manufacturing"
"41",32,"ALXN",2019,"ALEXION PHARMACEUTICALS INC",17544.6,11271.8,2612,325414,2019,4658.8,2404.3,4991.1,0.137039316940825,"Manufacturing"
"42",32,"AMCR",2019,"AMCOR PLC",17165,5609,5309,326112,2019,2164.4,430.2,9458.2,0.0250626274395572,"Manufacturing"
"43",32,"AMGN",2019,"AMGEN INC",59707,9673,27338,325414,2019,21041,7842,23362,0.131341383757348,"Manufacturing"
"44",32,"APD",2019,"AIR PRODUCTS & CHEMICALS INC",18942.8,11053.6,3227.4,325120,2019,4026.2,1760,8918.9,0.0929112908334565,"Manufacturing"
"45",32,"AVY",2019,"AVERY DENNISON CORP",5488.8,1204,1598.2,322220,2019,2078.7,303.6,7070.1,0.0553126366418889,"Manufacturing"
"46",32,"BAX",2019,"BAXTER INTERNATIONAL INC",18193,7882,5319,325412,2019,5705,1001,11362,0.055021161985379,"Manufacturing"
"47",32,"BIIB",2019,"BIOGEN INC",27234.3,13343.2,4871.7,325414,2019,12613.1,5888.5,14377.9,0.216216315455143,"Manufacturing"
"48",32,"BMY",2019,"BRISTOL-MYERS SQUIBB CO",129944,51598,44059,325412,2019,19475,3439,26145,0.0264652465677523,"Manufacturing"
"49",32,"CE",2019,"CELANESE CORP",9476,2507,3590,325199,2019,1937,852,6297,0.0899113550021106,"Manufacturing"
"50",32,"CF",2019,"CF INDUSTRIES HOLDINGS INC",12172,2897,4150,325311,2019,2037,493,4590,0.0405027932960894,"Manufacturing"
"51",32,"CHD",2019,"CHURCH & DWIGHT INC",6657.4,2667.8,1954.2,325611,2019,2138.2,615.9,4357.7,0.0925135938955148,"Manufacturing"
"52",32,"CL",2019,"COLGATE-PALMOLIVE CO",15034,117,7824,325611,2019,9793,2367,15693,0.157443128907809,"Manufacturing"
"53",32,"CLX",2019,"CLOROX CO/DE",5116,559,2294,325612,2019,2891,820,6214,0.160281469898358,"Manufacturing"
"54",32,"CTLT",2019,"CATALENT INC",6184,1681.6,2882.8,325412,2019,1033.7,137.4,2518,0.0222186287192755,"Manufacturing"
"55",32,"CVX",2019,"CHEVRON CORP",237428,144213,26299,324110,2019,34231,2924,139865,0.0123153124315582,"Manufacturing"
"56",32,"DD",2019,"DUPONT DE NEMOURS INC",69396,40987,14033,325199,2019,8472,498,21512,0.00717620612139028,"Manufacturing"
"57",32,"DOW",2019,"DOW INC",60524,13541,17714,325211,2019,8584,-1359,42951,-0.0224539025840989,"Manufacturing"
"58",32,"ECL",2019,"ECOLAB INC",20869.1,8685.3,6398.7,325612,2019,7194.7,1558.9,14906.3,0.0746989568309127,"Manufacturing"
"59",32,"EL",2019,"LAUDER (ESTEE) COS INC -CL A",13156,4386,2896,325620,2019,12047,1785,14866,0.135679537853451,"Manufacturing"
"60",32,"EMN",2019,"EASTMAN CHEMICAL CO",16008,5958,5752,325211,2019,2844,759,9273,0.0474137931034483,"Manufacturing"
"61",32,"FMC",2019,"FMC CORP",9872.7,2532.3,3194.3,325320,2019,2215.9,477.4,4609.8,0.0483555663597597,"Manufacturing"
"62",32,"GILD",2019,"GILEAD SCIENCES INC",61627,22525,22720,325414,2019,19178,5386,22449,0.0873967579145504,"Manufacturing"
"63",32,"HFC",2019,"HOLLYFRONTIER CORP",12164.841,5978.193,2825.223,324110,2019,2303.255,772.388,17486.578,0.0634934727054797,"Manufacturing"
"64",32,"IDXX",2019,"IDEXX LABS INC",1832.475,177.473,766.382,325413,2019,1453.444,427.72,2406.908,0.233411097013602,"Manufacturing"
"65",32,"IFF",2019,"INTL FLAVORS & FRAGRANCES",13287.411,6217.304,4253.33,325199,2019,2248.208,455.873,5140.084,0.0343086399600344,"Manufacturing"
"66",32,"INCY",2019,"INCYTE CORP",3426.75,2598.406,43.772,325414,2019,2098.11,446.906,2158.759,0.130416867294083,"Manufacturing"
"67",32,"IP",2019,"INTL PAPER CO",33471,7713,9901,322130,2019,5490,1225,22376,0.0365988467628693,"Manufacturing"
"68",32,"JNJ",2019,"JOHNSON & JOHNSON",157728,59471,27210,325412,2019,61663,15119,82059,0.0958548894299047,"Manufacturing"
"69",32,"KMB",2019,"KIMBERLY-CLARK CORP",15283,-33,6487,322121,2019,7368,2157,18450,0.141137211280508,"Manufacturing"
"70",32,"LIN",2019,"LINDE PLC",86612,49074,11409,325120,2019,11596,2285,28228,0.0263820255853692,"Manufacturing"
"71",32,"LLY",2019,"LILLY (ELI) & CO",39286.1,2606.9,14304.6,325412,2019,18723.4,8318.4,22319.5,0.211739012016973,"Manufacturing"
"72",32,"LYB",2019,"LYONDELLBASELL INDUSTRIES NV",30435,8044,12830,325220,2019,6761,3390,34727,0.111384918679152,"Manufacturing"
"73",32,"MMM",2019,"3M CO",44659,10063,18236,322220,2019,16993,4570,32136,0.102330997111444,"Manufacturing"
"74",32,"MPC",2019,"MARATHON PETROLEUM CORP",98556,33694,30002,324110,2019,12955,2637,123949,0.0267563618653354,"Manufacturing"
"75",32,"MRK",2019,"MERCK & CO",84397,25907,23504,325412,2019,37165,9843,46840,0.116627368271384,"Manufacturing"
"76",32,"PFE",2019,"PFIZER INC",167489,63126,37003,325412,2019,43021,16273,51750,0.0971586193720185,"Manufacturing"
"77",32,"PG",2019,"PROCTER & GAMBLE CO",115095,47412,20395,325611,2019,36261,3897,67684,0.033858986054998,"Manufacturing"
"78",32,"PKG",2019,"PACKAGING CORP OF AMERICA",7235.8,3071,2670.4,322211,2019,2033,696.4,6964.3,0.0962436772713453,"Manufacturing"
"79",32,"PPG",2019,"PPG INDUSTRIES INC",17708,5284,5161,325510,2019,6501,1243,15154,0.0701942624802349,"Manufacturing"
"80",32,"PRGO",2019,"PERRIGO CO PLC",11301.4,5803.8,3467.5,325412,2019,2175.5,146.1,4837.4,0.0129276018900313,"Manufacturing"
"81",32,"PSX",2019,"PHILLIPS 66",58720,24910,12022,324110,2019,6281,3076,107293,0.0523841961852861,"Manufacturing"
"82",32,"REGN",2019,"REGENERON PHARMACEUTICALS",14805.2,11089.7,713.9,325412,2019,2520.2,2115.8,7863.4,0.142909248102018,"Manufacturing"
"83",32,"SEE",2019,"SEALED AIR CORP",5765.2,-196.2,3764.3,326113,2019,1686.8,263,4791.1,0.0456185388191216,"Manufacturing"
"84",32,"SHW",2019,"SHERWIN-WILLIAMS CO",20496.2,4123.3,9421.4,325510,2019,8298.2,1541.3,17900.8,0.0751993052370683,"Manufacturing"
"85",32,"VLO",2019,"VALERO ENERGY CORP",53864,21803,10137,324110,2019,6225,2422,102729,0.0449650972820437,"Manufacturing"
"86",32,"VRTX",2019,"VERTEX PHARMACEUTICALS INC",8318.465,6085.244,622.868,325412,2019,3722.004,1176.81,4162.821,0.141469610078302,"Manufacturing"
"87",32,"VTRS",2019,"VIATRIS INC",31255.5,11883.8,11390,325412,2019,6210.1,16.8,11500.5,0.000537505399049767,"Manufacturing"
"88",32,"WRK",2019,"WESTROCK CO",30156.7,11669.9,9502.3,322211,2019,4856.1,862.9,18289,0.0286138735339079,"Manufacturing"
"89",32,"WST",2019,"WEST PHARMACEUTICAL SVSC INC",2341.4,1573.2,317.4,326299,2019,709.1,241.7,1839.9,0.103228837447681,"Manufacturing"
"90",32,"XOM",2019,"EXXON MOBIL CORP",362597,191650,30963,324110,2019,44431,14340,255583,0.0395480381801284,"Manufacturing"
"91",32,"ZTS",2019,"ZOETIS INC",11545,2708,6111,325412,2019,4620,1500,6276,0.129926375054136,"Manufacturing"
"92",33,"A",2019,"AGILENT TECHNOLOGIES INC",9452,4748,1791,334516,2019,3023,1071,5163,0.113309352517986,"Manufacturing"
"93",33,"AAPL",2019,"APPLE INC",338516,90488,91807,334220,2019,110939,55256,260174,0.163230098429616,"Manufacturing"
"94",33,"ABMD",2018,"ABIOMED INC",1054.346,936.89,0,339112,2018,653.986,259.016,769.432,0.245665085275612,"Manufacturing"
"95",33,"ABT",2019,"ABBOTT LABORATORIES",67887,31088,17416,334510,2019,19955,3687,31904,0.0543108400724734,"Manufacturing"
"96",33,"ADI",2019,"ANALOG DEVICES",21392.641,11709.188,5192.252,334413,2019,4395.96,1363.011,5991.065,0.0637140126831465,"Manufacturing"
"97",33,"ALGN",2019,"ALIGN TECHNOLOGY INC",2500.702,1346.169,43.463,339114,2019,1822.887,442.776,2406.796,0.177060681360674,"Manufacturing"
"98",33,"ALLE",2019,"ALLEGION PLC",2967.2,757.4,1483.2,332510,2019,1330.6,401.8,2854,0.135413858182799,"Manufacturing"
"99",33,"AMAT",2019,"APPLIED MATERIALS INC",19024,8214,4713,333242,2019,6749,2706,14608,0.142241379310345,"Manufacturing"
"100",33,"AMD",2019,"ADVANCED MICRO DEVICES",6028,2827,685,334413,2019,3010,341,6731,0.0565693430656934,"Manufacturing"
"101",33,"AME",2019,"AMETEK INC",9844.559,5115.492,2413.912,334513,2019,2021.702,861.297,5158.557,0.0874896478349106,"Manufacturing"
"102",33,"ANET",2019,"ARISTA NETWORKS INC",4185.29,2894.686,83.022,334118,2019,1573.841,859.867,2410.706,0.205449801566917,"Manufacturing"
"103",33,"AOS",2019,"SMITH (A.O.)",3058,1666.8,315.9,335220,2019,1259,370,2992.7,0.120994113799869,"Manufacturing"
"104",33,"APH",2019,"AMPHENOL CORP",10815.5,4530.3,3348.8,334417,2019,2912.4,1155,8225.4,0.106791179325967,"Manufacturing"
"105",33,"APTV",2019,"APTIV PLC",13459,3819,4300,336320,2019,3217,990,14357,0.073556727840107,"Manufacturing"
"106",33,"AVGO",2019,"BROADCOM INC",67493,24941,30011,334413,2019,16461,2724,22597,0.0403597410101788,"Manufacturing"
"107",33,"BA",2019,"BOEING CO",133625,-8617,20940,336411,2019,14978,-636,84818,-0.00475958840037418,"Manufacturing"
"108",33,"BDX",2019,"BECTON DICKINSON & CO",51765,21079,18081,339112,2019,10418,1233,17290,0.023819182845552,"Manufacturing"
"109",33,"BIO",2019,"BIO-RAD LABORATORIES INC",8008.859,5755.057,189.597,334516,2019,1382.516,1758.675,2311.659,0.219591205189154,"Manufacturing"
"110",33,"BLL",2019,"BALL CORP",17360,2949,6518,332431,2019,2271,566,11474,0.0326036866359447,"Manufacturing"
"111",33,"BSX",2019,"BOSTON SCIENTIFIC CORP",30565,13877,8868,334510,2019,8016,4700,10735,0.153770652707345,"Manufacturing"
"112",33,"BWA",2019,"BORGWARNER INC",9702,4706,1741,336310,2019,2540,746,10168,0.0768913626056483,"Manufacturing"
"113",33,"CARR",2019,"CARRIER GLOBAL CORP",22406,14102,682,333415,2019,5790,2116,18608,0.0944389895563688,"Manufacturing"
"114",33,"CAT",2019,"CATERPILLAR INC",78453,14588,26742,333120,2019,19056,6093,53800,0.077664334059883,"Manufacturing"
"115",33,"CMI",2019,"CUMMINS INC",19737,7507,1946,333618,2019,6629,2260,23571,0.114505750620662,"Manufacturing"
"116",33,"COO",2019,"COOPER COS INC (THE)",6274.5,3628.4,1262.6,339115,2019,1920,466.7,2653.4,0.0743804287194199,"Manufacturing"
"117",33,"CSCO",2019,"CISCO SYSTEMS INC",97793,33571,14475,334210,2019,34295,11621,51904,0.118832636282761,"Manufacturing"
"118",33,"DE",2019,"DEERE & CO",73011,11413,30229,333111,2019,12845,3253,39258,0.0445549300790292,"Manufacturing"
"119",33,"DHR",2019,"DANAHER CORP",62081.6,28671,22155.8,334516,2019,11173.2,3008.2,17911.1,0.0484555810417257,"Manufacturing"
"120",33,"DOV",2019,"DOVER CORP",8669.477,3032.66,3115.092,333415,2019,2902.135,677.918,7136.397,0.0781959511513786,"Manufacturing"
"121",33,"DXCM",2019,"DEXCOM INC",2395,882.6,1146.5,334510,2019,978.4,101.1,1476,0.0422129436325678,"Manufacturing"
"122",33,"EMR",2019,"EMERSON ELECTRIC CO",20497,8233,4277,334513,2019,8399,2306,18372,0.112504268917403,"Manufacturing"
"123",33,"ETN",2019,"EATON CORP PLC",32805,16082,8150,335314,2019,7871,2211,21390,0.0673982624599909,"Manufacturing"
"124",33,"EW",2019,"EDWARDS LIFESCIENCES CORP",6488.1,4148.3,653.3,339113,2019,3396,1046.9,4348,0.161356945793067,"Manufacturing"
"125",33,"FBHS",2019,"FORTUNE BRANDS HOME & SECUR",6291.3,2426.6,1924.4,337110,2019,2167.7,431.9,5764.6,0.0686503584314847,"Manufacturing"
"126",33,"FLIR",2019,"FLIR SYSTEMS INC",3137.541,1871.433,648.419,334511,2019,1039.061,171.597,1887.026,0.0546915562218948,"Manufacturing"
"127",33,"FLS",2019,"FLOWSERVE CORP",4919.642,1790.357,1517.5,333914,2019,1416.995,253.668,3944.85,0.0515622884754622,"Manufacturing"
"128",33,"FTNT",2019,"FORTINET INC",3885.5,1321.9,30.6,334118,2019,1711.9,326.5,2156.2,0.0840303693218376,"Manufacturing"
"129",33,"FTV",2019,"FORTIVE CORP",17439,7387,4987.4,334519,2019,4122.3,738.9,7320,0.0423705487699983,"Manufacturing"
"130",33,"GD",2019,"GENERAL DYNAMICS CORP",48841,13577,10548,336411,2019,7888,3484,39350,0.0713335107798776,"Manufacturing"
"131",33,"GLW",2019,"CORNING INC",28898,10607,8179,334419,2019,5813,960,11503,0.0332202920617344,"Manufacturing"
"132",33,"GRMN",2019,"GARMIN LTD",6166.799,4793.496,49.238,334511,2019,2332.122,952.486,3757.505,0.154453874692527,"Manufacturing"
"133",33,"HAS",2019,"HASBRO INC",8855.628,2995.53,4159.839,339930,2019,2545.772,520.454,4720.227,0.0587709872185236,"Manufacturing"
"134",33,"HII",2019,"HUNTINGTON INGALLS IND INC",7031,1588,1450,336611,2019,1758,549,8899,0.0780827762764898,"Manufacturing"
"135",33,"HOLX",2019,"HOLOGIC INC",6442.1,2115.7,2836.5,334517,2019,2167.7,-203.6,3367.3,-0.0316046009841511,"Manufacturing"
"136",33,"HON",2019,"HONEYWELL INTERNATIONAL INC",58679,18494,11644,336413,2019,13734,6143,36709,0.10468821895397,"Manufacturing"
"137",33,"HPE",2019,"HEWLETT PACKARD ENTERPRISE",51803,17098,9395,334111,2019,11768,1049,29135,0.0202497924830608,"Manufacturing"
"138",33,"HWM",2019,"HOWMET AEROSPACE INC",17578,4552,5100,336413,2019,2993,470,14192,0.0267379679144385,"Manufacturing"
"139",33,"IEX",2019,"IDEX CORP",3813.912,2263.229,918.792,333914,2019,1205.25,425.521,2494.573,0.111570744159802,"Manufacturing"
"140",33,"ILMN",2019,"ILLUMINA INC",7316,4613,1836,334516,2019,2655,1002,3543,0.136960087479497,"Manufacturing"
"141",33,"INTC",2019,"INTEL CORP",136524,77504,25683,334413,2019,52766,21048,71965,0.154170695262371,"Manufacturing"
"142",33,"IPGP",2019,"IPG PHOTONICS CORP",2730.436,2401.726,58.378,334413,2019,694.699,180.234,1314.581,0.0660092380850531,"Manufacturing"
"143",33,"IR",2019,"INGERSOLL RAND INC",4628.4,1869.9,1644.8,333912,2019,956,159.1,2451.9,0.0343747299282689,"Manufacturing"
"144",33,"ISRG",2019,"INTUITIVE SURGICAL INC",9733.2,8263.8,68.7,334510,2019,3309.9,1379.3,4478.5,0.141710845354046,"Manufacturing"
"145",33,"JCI",2019,"JOHNSON CONTROLS INTL PLC",42287,19766,6708,333415,2019,8518,5674,23968,0.134178352685222,"Manufacturing"
"146",33,"JNPR",2019,"JUNIPER NETWORKS INC",8837.7,4610.6,1842,334118,2019,2831.6,345,4445.4,0.0390373060864252,"Manufacturing"
"147",33,"KEYS",2019,"KEYSIGHT TECHNOLOGIES INC",6623,3004,1792,334515,2019,2840,621,4303,0.0937641552166692,"Manufacturing"
"148",33,"KLAC",2019,"KLA CORP",9008.516,2659.108,3173.383,333314,2019,2824.514,1175.617,4568.904,0.130500628516395,"Manufacturing"
"149",33,"LEG",2019,"LEGGETT & PLATT INC",4816.4,1312,2188.1,337910,2019,1172.6,333.8,4752.5,0.0693048750103812,"Manufacturing"
"150",33,"LHX",2019,"L3HARRIS TECHNOLOGIES INC",10117,3363,2763,334511,2019,2587,949,6801,0.0938025106256796,"Manufacturing"
"151",33,"LMT",2019,"LOCKHEED MARTIN CORP",47528,3127,12259,336414,2019,9616,6230,59812,0.131080626157213,"Manufacturing"
"152",33,"LRCX",2019,"LAM RESEARCH CORP",12001.333,4673.865,3822.768,333242,2019,4621.429,2191.43,9653.559,0.182598882974083,"Manufacturing"
"153",33,"MAS",2019,"MASCO CORP",5027,-235,2933,332913,2019,2510,933,6707,0.185597772031032,"Manufacturing"
"154",33,"MCHP",2018,"MICROCHIP TECHNOLOGY INC",18350,5287.5,8946.2,334413,2018,2816.3,355.9,5349.5,0.0193950953678474,"Manufacturing"
"155",33,"MDT",2018,"MEDTRONIC PLC",89694,50091,24486,334510,2018,22395,4631,30557,0.0516311012999755,"Manufacturing"
"156",33,"MSI",2019,"MOTOROLA SOLUTIONS INC",10642,-700,5610,334220,2019,4134,868,7887,0.0815636158616801,"Manufacturing"
"157",33,"MTD",2019,"METTLER-TOLEDO INTL INC",2789.321,420.78,1296.287,334516,2019,1780.012,561.109,3008.652,0.201163293862557,"Manufacturing"
"158",33,"MU",2019,"MICRON TECHNOLOGY INC",48887,35881,4541,334413,2019,16042,6313,23406,0.129134534743388,"Manufacturing"
"159",33,"MXIM",2019,"MAXIM INTEGRATED PRODUCTS",3743.982,1845.276,992.584,334413,2019,1608.595,827.486,2314.329,0.221017622413783,"Manufacturing"
"160",33,"NOC",2019,"NORTHROP GRUMMAN CORP",41089,8819,14078,334511,2019,8277,2248,33841,0.0547105064615834,"Manufacturing"
"161",33,"NOV",2019,"NATIONAL OILWELL VARCO INC",13149,7778,2663,333132,2019,1378,-6095,8479,-0.463533348543615,"Manufacturing"
"162",33,"NTAP",2018,"NETAPP INC",8741,1090,1144,334112,2018,4131,1169,6146,0.133737558631736,"Manufacturing"
"163",33,"NUE",2019,"NUCOR CORP",18344.666,10357.866,4366.178,331110,2019,3413.738,1271.143,22588.858,0.0692922400440542,"Manufacturing"
"164",33,"NVDA",2018,"NVIDIA CORP",13292,9342,1988,334413,2018,7468,4141,11716,0.311540776406861,"Manufacturing"
"165",33,"OTIS",2019,"OTIS WORLDWIDE CORP",9687,1700,386,333921,2019,4025,1116,13118,0.115205946113348,"Manufacturing"
"166",33,"PCAR",2019,"PACCAR INC",28361.1,9706.1,5618.4,336120,2019,5323.2,2387.9,25599.7,0.0841963111444902,"Manufacturing"
"167",33,"PH",2019,"PARKER-HANNIFIN CORP",17576.69,5961.969,6520.831,332912,2019,4062.329,1512.364,14320.324,0.0860437317834018,"Manufacturing"
"168",33,"PKI",2019,"PERKINELMER INC",6538.564,2813.824,2210.44,334516,2019,1528.679,227.558,2883.673,0.0348024428605425,"Manufacturing"
"169",33,"PNR",2019,"PENTAIR PLC",4139.5,1953.9,1090.2,333914,2019,1133.7,355.7,2957.2,0.0859282522043725,"Manufacturing"
"170",33,"QCOM",2019,"QUALCOMM INC",32957,4909,13437,334413,2019,12352,4386,19550,0.133082501441272,"Manufacturing"
"171",33,"QRVO",2018,"QORVO INC",5808.024,4359.679,919.27,334413,2018,1632.66,133.125,3090.325,0.022920876360015,"Manufacturing"
"172",33,"RMD",2019,"RESMED INC",4107.682,2072.193,1258.861,334510,2019,1612.442,404.592,2606.572,0.0984964269385994,"Manufacturing"
"173",33,"ROK",2019,"ROCKWELL AUTOMATION",6113,404.2,1956.4,335314,2019,3052.3,695.8,6694.8,0.113823000163586,"Manufacturing"
"174",33,"ROP",2019,"ROPER TECHNOLOGIES INC",18108.9,9491.9,4893.1,334513,2019,3841,1767.9,5366.8,0.0976260291900668,"Manufacturing"
"175",33,"RTX",2019,"RAYTHEON TECHNOLOGIES CORP",139716,41774,39932,336412,2019,24177,5537,77046,0.0396303930831115,"Manufacturing"
"176",33,"SNA",2019,"SNAP-ON INC",5693.5,3409.1,994.4,332216,2019,2182.3,693.5,4067.7,0.1218055677527,"Manufacturing"
"177",33,"STE",2018,"STERIS PLC",5073.071,3177.81,1183.227,339112,2018,1413.214,304.051,2782.17,0.0599343080355075,"Manufacturing"
"178",33,"STX",2019,"SEAGATE TECHNOLOGY PLC",8885,2162,4253,334112,2019,3450,2012,10390,0.226449071468768,"Manufacturing"
"179",33,"SWK",2019,"STANLEY BLACK & DECKER INC",20596.6,7636.3,3572,333991,2019,5218,955.8,14442.2,0.0464057174485109,"Manufacturing"
"180",33,"SWKS",2019,"SKYWORKS SOLUTIONS INC",4839.6,4122.3,0,334413,2019,2023.8,853.6,3376.8,0.176378213075461,"Manufacturing"
"181",33,"SYK",2019,"STRYKER CORP",30167,12807,10532,339113,2019,10121,2083,14884,0.0690489607849637,"Manufacturing"
"182",33,"TDG",2019,"TRANSDIGM GROUP INC",16254.731,-2894.905,16469.221,336413,2019,2988.96,889.77,5223.203,0.0547391402539974,"Manufacturing"
"183",33,"TDY",2019,"TELEDYNE TECHNOLOGIES INC",4579.8,2714.7,869.3,334511,2019,1355.2,402.3,3163.6,0.0878422638543168,"Manufacturing"
"184",33,"TEL",2019,"TE CONNECTIVITY LTD",19694,10570,3395,334417,2019,5084,1844,13448,0.0936325784502894,"Manufacturing"
"185",33,"TER",2019,"TERADYNE INC",2787.014,1480.158,440.536,334515,2019,1411.11,467.468,2294.965,0.167730768485555,"Manufacturing"
"186",33,"TFX",2019,"TELEFLEX INC",6309.82,2979.32,1960.315,339112,2019,1571.671,461.466,2595.362,0.0731345743618677,"Manufacturing"
"187",33,"TMO",2019,"THERMO FISHER SCIENTIFIC INC",58381,29675,17647,334516,2019,12412,3696,25542,0.0633082681009232,"Manufacturing"
"188",33,"TT",2019,"TRANE TECHNOLOGIES PLC",20492.3,7267.6,5317.3,333415,2019,5631,1410.9,16598.9,0.0688502510699141,"Manufacturing"
"189",33,"TXN",2019,"TEXAS INSTRUMENTS INC",18018,8907,5562,334413,2019,9926,5017,14383,0.278443778443778,"Manufacturing"
"190",33,"TXT",2019,"TEXTRON INC",15018,5518,3332,336411,2019,2611,815,13630,0.0542682114795579,"Manufacturing"
"191",33,"VAR",2019,"VARIAN MEDICAL SYSTEMS INC",4101.7,1768.3,0,334510,2019,1451.4,291.9,3225.1,0.071165614257503,"Manufacturing"
"192",33,"VNT",2019,"VONTIER CORP",2848.2,NA,49.8,334514,2019,1277.3,437,2772.1,0.153430236640685,"Manufacturing"
"193",33,"WAB",2019,"WABTEC CORP",18944.2,9956.5,4333.6,336510,2019,2724.7,326.7,8323,0.017245383811404,"Manufacturing"
"194",33,"WAT",2019,"WATERS CORP",2557.055,-216.281,1647.678,334516,2019,1491.499,592.198,2406.596,0.231593767048421,"Manufacturing"
"195",33,"WDC",2019,"WESTERN DIGITAL CORP",26370,9967,10246,334112,2019,5556,-754,16569,-0.0285930982176716,"Manufacturing"
"196",33,"XLNX",2018,"XILINX INC",5151.348,2861.509,1234.807,334413,2018,2156.472,889.75,3059.04,0.172721780784369,"Manufacturing"
"197",33,"XRAY",2019,"DENTSPLY SIRONA INC",8602.9,5092.5,1552.6,339114,2019,2444.8,262.9,4029.2,0.0305594625068291,"Manufacturing"
"198",33,"XRX",2019,"XEROX HOLDINGS CORP",15047,5587,3498,333316,2019,4166,1353,9066,0.0899182561307902,"Manufacturing"
"199",33,"XYL",2019,"XYLEM INC",7710,2957,2225,333914,2019,2303,401,5249,0.0520103761348898,"Manufacturing"
"200",33,"ZBH",2019,"ZIMMER BIOMET HOLDINGS INC",24638.7,12388.1,6936.9,339113,2019,6210.5,1131.6,7982.2,0.0459277478113699,"Manufacturing"
"201",33,"ZBRA",2019,"ZEBRA TECHNOLOGIES CP  -CL A",4711,1839,1180,334118,2019,2178,544,4485,0.115474421566546,"Manufacturing"
"202",42,"ABC",2019,"AMERISOURCEBERGEN CORP",39171.98,2878.917,4354.398,424210,2019,5045.18,855.365,179589.121,0.021836144100962,"Wholesale Trade"
"203",42,"CAH",2019,"CARDINAL HEALTH INC",40963,6328,7579,424210,2019,7274,1363,145534,0.0332739301320704,"Wholesale Trade"
"204",42,"CDW",2019,"CDW CORP",7999.4,960.3,3414.3,423430,2019,3299.9,736.8,18032.4,0.0921069080181014,"Wholesale Trade"
"205",42,"CPRT",2019,"COPART INC",2547.617,1778.381,400.091,425120,2019,961.509,591.693,2041.957,0.232253513773852,"Wholesale Trade"
"206",42,"GPC",2019,"GENUINE PARTS CO",14645.629,3674.707,3627.623,423120,2019,6325.877,621.085,19392.305,0.0424075333329828,"Wholesale Trade"
"207",42,"HSIC",2019,"HENRY SCHEIN INC",7151.101,2998.044,799.175,423450,2019,3263.586,694.734,9985.803,0.0971506345666213,"Wholesale Trade"
"208",42,"LKQ",2019,"LKQ CORP",12779.956,5008.876,4852.986,423140,2019,4893.76,541.26,12506.109,0.0423522584897788,"Wholesale Trade"
"209",42,"MCK",2018,"MCKESSON CORP",59672,8094,7265,424210,2018,11873,34,214319,0.000569781472047191,"Wholesale Trade"
"210",42,"POOL",2019,"POOL CORP",1483.266,410.18,621.672,423910,2019,953.766,261.575,3199.517,0.176350701762192,"Wholesale Trade"
"211",44,"AAP",2019,"ADVANCE AUTO PARTS INC",11248.525,3549.081,2764.479,441310,2019,4509.472,486.896,9709.003,0.043285319630796,"Retail Trade"
"212",44,"AZO",2019,"AUTOZONE INC",9895.913,-1713.851,5330.003,441310,2019,6734.958,1617.221,11863.743,0.163423122252591,"Retail Trade"
"213",44,"BBY",2018,"BEST BUY CO INC",12901,3306,1332,443142,2018,10731,1464,42879,0.113479575226727,"Retail Trade"
"214",44,"CVS",2019,"CVS HEALTH CORP",222449,63864,83625,446110,2019,47463,6634,256776,0.0298225660713242,"Retail Trade"
"215",44,"GPS",2018,"GAP INC",8049,3553,1249,448140,2018,6897,1003,16580,0.124611753012797,"Retail Trade"
"216",44,"HD",2018,"HOME DEPOT INC",44003,-1878,26807,444110,2018,37366,11121,108203,0.252732768220349,"Retail Trade"
"217",44,"KMX",2018,"CARMAX INC",18717.867,3357.028,13806.325,441120,2018,3089.081,842.413,19145.59,0.045005822511721,"Retail Trade"
"218",44,"KR",2018,"KROGER CO",38118,7886,12072,445110,2018,26268,3110,121162,0.0815887507214439,"Retail Trade"
"219",44,"LB",2018,"L BRANDS INC",8090,-869,5758,448190,2018,5503,644,13237,0.0796044499381953,"Retail Trade"
"220",44,"LOW",2018,"LOWE'S COS INC",34508,3644,14391,444110,2018,22913,2314,71309,0.0670569143387041,"Retail Trade"
"221",44,"ORLY",2019,"O'REILLY AUTOMOTIVE INC",10717.16,397.34,5545.824,441310,2019,5665.566,1391.042,10149.985,0.129795766788963,"Retail Trade"
"222",44,"ROST",2018,"ROSS STORES INC",6073.691,3305.746,312.44,448140,2018,4587.621,1587.457,14983.541,0.261366111644468,"Retail Trade"
"223",44,"TIF",2018,"TIFFANY & CO",5333,3117.4,883.4,448310,2018,3046.5,586.4,4442.1,0.109956872304519,"Retail Trade"
"224",44,"TJX",2018,"TJX COS INC (THE)",14326.029,5048.606,2476.874,448140,2018,11960.657,3059.798,38972.934,0.21358312202216,"Retail Trade"
"225",44,"ULTA",2018,"ULTA BEAUTY INC",3191.172,1820.218,0,446120,2018,2688.783,658.559,6716.615,0.206369008000822,"Retail Trade"
"226",44,"WBA",2019,"WALGREENS BOOTS ALLIANCE INC",67598,23512,11098,446110,2019,32222,3982,136866,0.0589070682564573,"Retail Trade"
"227",45,"AMZN",2019,"AMAZON.COM INC",225248,62060,63205,454110,2019,130086,11588,280522,0.0514455178292371,"Retail Trade"
"228",45,"COST",2019,"COSTCO WHOLESALE CORP",45400,15243,5519,452311,2019,21309,3659,152703,0.0805947136563877,"Retail Trade"
"229",45,"DG",2018,"DOLLAR GENERAL CORP",13204.038,6417.393,2862.74,452319,2018,8258.004,1589.472,25625.043,0.120377720815405,"Retail Trade"
"230",45,"DLTR",2018,"DOLLAR TREE INC",13501.2,5642.9,4265.3,452319,2018,7503.2,-1590.8,22823.3,-0.11782656356472,"Retail Trade"
"231",45,"TGT",2018,"TARGET CORP",41290,11297,12227,452319,2018,22307,2937,75356,0.0711310244611286,"Retail Trade"
"232",45,"TSCO",2019,"TRACTOR SUPPLY CO",5289.268,1567.123,2398.031,453998,2019,2871.77,562.354,8351.931,0.106319815898911,"Retail Trade"
"233",45,"WMT",2018,"WALMART INC",219295,72496,50203,452319,2018,137106,6670,511729,0.0304156501516222,"Retail Trade"
"234",48,"AAL",2019,"AMERICAN AIRLINES GROUP INC",59995,-118,28875,481111,2019,13741,1686,45768,0.0281023418618218,"Transportation and Warehousing"
"235",48,"ALK",2019,"ALASKA AIR GROUP INC",12993,4331,2703,481111,2019,2402,769,8781,0.0591857153852074,"Transportation and Warehousing"
"236",48,"CCL",2019,"CARNIVAL CORPORATION & PLC",45058,25365,9676,483112,2019,7916,2990,20825,0.0663589151759954,"Transportation and Warehousing"
"237",48,"CHRW",2019,"C H ROBINSON WORLDWIDE INC",4641.06,1670.73,1351.892,484121,2019,2686.759,576.968,15309.508,0.124318151456779,"Transportation and Warehousing"
"238",48,"CSX",2019,"CSX CORP",38257,11848,16486,482111,2019,6223,3331,11937,0.0870690331181222,"Transportation and Warehousing"
"239",48,"DAL",2019,"DELTA AIR LINES INC",64532,15358,14167,481111,2019,12963,4767,47007,0.0738703278993368,"Transportation and Warehousing"
"240",48,"EXPD",2019,"EXPEDITORS INTL WASH INC",3691.884,2195.028,326.347,488510,2019,1047.971,590.395,8175.426,0.15991699630866,"Transportation and Warehousing"
"241",48,"JBHT",2019,"HUNT (JB) TRANSPRT SVCS INC",5470.854,2267.029,1375.84,484121,2019,1523.9,516.32,9165.258,0.0943764903980256,"Transportation and Warehousing"
"242",48,"KMI",2019,"KINDER MORGAN INC",74157,33742,32204,486210,2019,6339,2190,13209,0.0295319389942959,"Transportation and Warehousing"
"243",48,"KSU",2019,"KANSAS CITY SOUTHERN",9786.8,4416.9,3313.7,482111,2019,1400.8,538.9,2866,0.0550639637062165,"Transportation and Warehousing"
"244",48,"LUV",2019,"SOUTHWEST AIRLINES",25895,9832,2824,481111,2019,7326,2300,22428,0.0888202355667117,"Transportation and Warehousing"
"245",48,"NCLH",2019,"NORWEGIAN CRUISE LINE HLDGS",16684.599,6515.579,6262.578,483112,2019,2799.115,930.228,6462.376,0.055753692372229,"Transportation and Warehousing"
"246",48,"NSC",2019,"NORFOLK SOUTHERN CORP",37923,15184,12601,482111,2019,5095,2722,11296,0.0717770218600849,"Transportation and Warehousing"
"247",48,"ODFL",2019,"OLD DOMINION FREIGHT",3995.568,3080.717,101.085,484122,2019,1072.387,615.518,4109.111,0.15405018760787,"Transportation and Warehousing"
"248",48,"RCL",2019,"ROYAL CARIBBEAN GROUP",30320.284,12163.846,9015.751,483112,2019,4902.426,1878.887,10950.661,0.0619679881626439,"Transportation and Warehousing"
"249",48,"UAL",2019,"UNITED AIRLINES HOLDINGS INC",52611,11531,18311,481111,2019,13110,3009,43259,0.0571933626047785,"Transportation and Warehousing"
"250",48,"UNP",2019,"UNION PACIFIC CORP",61673,18128,25414,482111,2019,10715,5919,21708,0.0959739270020917,"Transportation and Warehousing"
"251",48,"WMB",2019,"WILLIAMS COS INC",46040,13328,20336,486210,2019,4667,850,8201,0.0184622067767159,"Transportation and Warehousing"
"252",49,"FDX",2018,"FEDEX CORP",54403,17757,16617,492110,2018,18180,540,69693,0.00992592320276455,"Transportation and Warehousing"
"253",49,"UPS",2019,"UNITED PARCEL SERVICE INC",57857,3267,24209,492110,2019,10510,4440,74094,0.0767409302245191,"Transportation and Warehousing"
"254",51,"ADBE",2019,"ADOBE INC",20762.4,10530.155,988.924,518210,2019,9898.733,2951.458,11171.297,0.142153989904828,"Information"
"255",51,"ADP",2019,"AUTOMATIC DATA PROCESSING",41887.7,5399.9,2002.2,518210,2019,6497.6,2292.8,14175.2,0.0547368320533235,"Information"
"256",51,"ADSK",2018,"AUTODESK INC",4729.2,-210.9,2087.7,519130,2018,2358.6,-80.8,2569.8,-0.0170853421297471,"Information"
"257",51,"AKAM",2019,"AKAMAI TECHNOLOGIES INC",7006.886,3657.958,2531.972,519130,2019,2195.061,478.035,2893.617,0.0682236017540459,"Information"
"258",51,"ANSS",2019,"ANSYS INC",4838.887,3453.379,515.299,511210,2019,1394.966,451.295,1515.892,0.0932642155107156,"Information"
"259",51,"ATVI",2019,"ACTIVISION BLIZZARD INC",19845,12805,2885,511210,2019,4962,1503,6489,0.0757369614512472,"Information"
"260",51,"BKNG",2019,"BOOKING HOLDINGS INC",21402,5933,8102,519130,2019,15066,4865,15066,0.227315204186525,"Information"
"261",51,"CDNS",2019,"CADENCE DESIGN SYSTEMS INC",3357.225,2102.894,430.801,511210,2019,2174.213,988.979,2336.319,0.294582281497368,"Information"
"262",51,"CHTR",2019,"CHARTER COMMUNICATIONS INC",148188,31445,76615,515210,2019,16540,1668,45764,0.0112559721434934,"Information"
"263",51,"CMCSA",2019,"COMCAST CORP",263414,82726,106822,515210,2019,34258,13057,108942,0.049568360071978,"Information"
"264",51,"CRM",2018,"SALESFORCE.COM INC",30737,15605,3173,511210,2018,10457,1110,13282,0.0361128281875264,"Information"
"265",51,"CTXS",2019,"CITRIX SYSTEMS INC",4388.926,837.656,952.308,511210,2019,2676.84,681.813,3010.564,0.155348483888769,"Information"
"266",51,"DIS",2019,"DISNEY (WALT) CO",193984,88877,38275,515120,2019,27552,11054,69570,0.0569840811613329,"Information"
"267",51,"DISCA",2019,"DISCOVERY INC",33735,9891,15634,515210,2019,10111,2049,11144,0.060738105824811,"Information"
"268",51,"DISH",2019,"DISH NETWORK CORP",33230.935,11564.521,13053.024,515210,2019,4304.459,1399.512,12807.684,0.0421147343582117,"Information"
"269",51,"EA",2018,"ELECTRONIC ARTS INC",8957,5331,994,511210,2018,3753,1019,4950,0.113765769788992,"Information"
"270",51,"EBAY",2019,"EBAY INC",18174,2870,7230,518210,2019,8927,1786,10800,0.0982722570705403,"Information"
"271",51,"ETSY",2019,"ETSY INC",1542.352,406.634,861.059,519130,2019,595.374,95.894,818.379,0.0621738747056444,"Information"
"272",51,"FB",2019,"FACEBOOK INC",133376,101054,9942,519130,2019,63669,18485,70697,0.138593150191939,"Information"
"273",51,"FIS",2019,"FIDELITY NATIONAL INFO SVCS",83806,49440,17695,518210,2019,5984,298,10333,0.00355583132472615,"Information"
"274",51,"FISV",2019,"FISERV INC",77539,32979,22215,518210,2019,6424,893,10187,0.0115167851016908,"Information"
"275",51,"FLT",2019,"FLEETCOR TECHNOLOGIES INC",12248.541,3711.616,3371.647,518210,2019,1507.818,895.073,2648.848,0.0730758871607647,"Information"
"276",51,"FOXA",2019,"FOX CORP",19509,9947,6751,515120,2019,4117,1595,11389,0.0817571377313035,"Information"
"277",51,"GOOGL",2019,"ALPHABET INC",275909,201442,14768,518210,2019,101612,34343,161857,0.124472199167117,"Information"
"278",51,"GPN",2019,"GLOBAL PAYMENTS INC",44480.162,27855.747,9487.852,518210,2019,3758.224,430.613,4911.892,0.00968101240278756,"Information"
"279",51,"IBM",2019,"INTL BUSINESS MACHINES CORP",152186,20841,57981,519130,2019,42404,9431,77147,0.0619702206510454,"Information"
"280",51,"INFO",2019,"IHS MARKIT LTD",16087.2,8415.8,4874.4,519130,2019,2757.6,502.7,4414.6,0.0312484459694664,"Information"
"281",51,"INTU",2019,"INTUIT INC",6283,3749,386,511210,2019,5836,1557,6784,0.247811554989655,"Information"
"282",51,"LUMN",2019,"CENTURYLINK INC",64742,13470,33736,517311,2019,12324,-5269,22401,-0.0813845726112879,"Information"
"283",51,"MSFT",2019,"MICROSOFT CORP",286556,102330,79107,511210,2019,94533,39240,125843,0.136936584821117,"Information"
"284",51,"NLOK",2018,"NORTONLIFELOCK INC",15938,5738,3961,511210,2018,4089,31,4731,0.00194503701844648,"Information"
"285",51,"NOW",2019,"SERVICENOW INC",6022.43,2127.941,1078.202,511210,2019,2855.825,626.698,3460.437,0.104060653257904,"Information"
"286",51,"NWSA",2019,"NEWS CORP",15711,9144,1004,511110,2019,4414,155,10036,0.00986569919164916,"Information"
"287",51,"ORCL",2018,"ORACLE CORP",108709,21785,51673,519130,2018,32741,11083,39506,0.101951080407326,"Information"
"288",51,"PAYC",2019,"PAYCOM SOFTWARE INC",2486.917,526.628,49.243,518210,2019,648.335,180.576,737.671,0.072610384665029,"Information"
"289",51,"PYPL",2019,"PAYPAL HOLDINGS INC",51333,16885,5368,518210,2019,10279,2459,17772,0.0479029084604446,"Information"
"290",51,"SNPS",2019,"SYNOPSYS INC",6405.16,4083.013,120.093,511210,2019,2770.639,532.367,3360.694,0.0831153320135641,"Information"
"291",51,"T",2019,"AT&T INC",551669,184221,173113,517312,2019,97124,13903,181265,0.0252017060955029,"Information"
"292",51,"TMUS",2019,"T-MOBILE US INC",86921,28789,39065,517312,2019,26477,3468,44998,0.0398982984549188,"Information"
"293",51,"TTWO",2018,"TAKE-TWO INTERACTIVE SFTWR",4243.065,2040.58,0,511210,2018,1161.687,333.837,2668.394,0.0786782667717794,"Information"
"294",51,"TWTR",2019,"TWITTER INC",12703.389,8704.386,3118.25,519130,2019,2787.204,1465.659,3459.329,0.115375432492857,"Information"
"295",51,"VIAC",2019,"VIACOMCBS INC",49519,13207,19911,515120,2019,11178,3308,27812,0.0668026414103677,"Information"
"296",51,"VRSN",2019,"VERISIGN INC",1854.009,-1490.1,1792.129,519130,2019,1097.524,612.299,1231.661,0.330256757113908,"Information"
"297",51,"VZ",2019,"VERIZON COMMUNICATIONS INC",291727,61395,119105,517312,2019,77142,19265,131868,0.0660377681873807,"Information"
"298",52,"AFL",2019,"AFLAC INC",152768,28959,6565,524114,2019,4775,3304,22369,0.0216275659824047,"Finance and Insurance"
"299",52,"AFL",2019,"AFLAC INC",152768,28959,6565,524114,2019,4775,3304,22369,0.0216275659824047,"Finance and Insurance"
"300",52,"AIG",2019,"AMERICAN INTERNATIONAL GROUP",525064,65190,36083,524126,2019,11623,3348,49310,0.00637636554781893,"Finance and Insurance"
"301",52,"AIG",2019,"AMERICAN INTERNATIONAL GROUP",525064,65190,36083,524126,2019,11623,3348,49310,0.00637636554781893,"Finance and Insurance"
"302",52,"AIZ",2019,"ASSURANT INC",44291.2,5649.9,3686.4,524126,2019,2133,382.6,10086.8,0.00863828480601113,"Finance and Insurance"
"303",52,"AIZ",2019,"ASSURANT INC",44291.2,5649.9,3686.4,524126,2019,2133,382.6,10086.8,0.00863828480601113,"Finance and Insurance"
"304",52,"AJG",2019,"ARTHUR J GALLAGHER & CO",19634.8,5155.5,4157,524210,2019,1376.2,668.8,7195,0.0340619716014423,"Finance and Insurance"
"305",52,"ALL",2019,"ALLSTATE CORP",119950,25998,7217,524126,2019,7129,4847,44675,0.040408503543143,"Finance and Insurance"
"306",52,"ALL",2019,"ALLSTATE CORP",119950,25998,7217,524126,2019,7129,4847,44675,0.040408503543143,"Finance and Insurance"
"307",52,"AMP",2019,"AMERIPRISE FINANCIAL INC",151828,5729,4218,523110,2019,5700,1893,12886,0.0124680559580578,"Finance and Insurance"
"308",52,"AMP",2019,"AMERIPRISE FINANCIAL INC",151828,5729,4218,523110,2019,5700,1893,12886,0.0124680559580578,"Finance and Insurance"
"309",52,"ANTM",2019,"ANTHEM INC",77453,31728,18269,524114,2019,21110,4807,104213,0.0620634449278918,"Finance and Insurance"
"310",52,"ANTM",2019,"ANTHEM INC",77453,31728,18269,524114,2019,21110,4807,104213,0.0620634449278918,"Finance and Insurance"
"311",52,"AON",2019,"AON PLC",29405,3375,7647,524210,2019,3184,1532,11013,0.0520999829960891,"Finance and Insurance"
"312",52,"AON",2019,"AON PLC",29405,3375,7647,524210,2019,3184,1532,11013,0.0520999829960891,"Finance and Insurance"
"313",52,"AXP",2019,"AMERICAN EXPRESS CO",198321,23071,43003,522210,2019,10770,6759,47020,0.0340811109262257,"Finance and Insurance"
"314",52,"AXP",2019,"AMERICAN EXPRESS CO",198321,23071,43003,522210,2019,10770,6759,47020,0.0340811109262257,"Finance and Insurance"
"315",52,"BAC",2019,"BANK OF AMERICA CORP",2434079,241409,226798,522110,2019,87654,27430,113589,0.0112691494400962,"Finance and Insurance"
"316",52,"BAC",2019,"BANK OF AMERICA CORP",2434079,241409,226798,522110,2019,87654,27430,113589,0.0112691494400962,"Finance and Insurance"
"317",52,"BEN",2019,"FRANKLIN RESOURCES INC",14532.2,9906.5,724.2,523920,2019,1687.3,1195.7,5774.5,0.0822793520595643,"Finance and Insurance"
"318",52,"BEN",2019,"FRANKLIN RESOURCES INC",14532.2,9906.5,724.2,523920,2019,1687.3,1195.7,5774.5,0.0822793520595643,"Finance and Insurance"
"319",52,"BK",2019,"BANK OF NEW YORK MELLON CORP",381508,37941,25273,522110,2019,15672,4441,20007,0.011640647116181,"Finance and Insurance"
"320",52,"BK",2019,"BANK OF NEW YORK MELLON CORP",381508,37941,25273,522110,2019,15672,4441,20007,0.011640647116181,"Finance and Insurance"
"321",52,"BLK",2019,"BLACKROCK INC",168622,33547,5926,523920,2019,5883,4476,14539,0.0265445789991816,"Finance and Insurance"
"322",52,"BLK",2019,"BLACKROCK INC",168622,33547,5926,523920,2019,5883,4476,14539,0.0265445789991816,"Finance and Insurance"
"323",52,"C",2019,"CITIGROUP INC",1951158,175262,214843,522110,2019,44336,19401,103449,0.00994332596335099,"Finance and Insurance"
"324",52,"C",2019,"CITIGROUP INC",1951158,175262,214843,522110,2019,44336,19401,103449,0.00994332596335099,"Finance and Insurance"
"325",52,"CB",2019,"CHUBB LTD",176943,55331,13867,524126,2019,5198,4454,34179,0.0251719480284611,"Finance and Insurance"
"326",52,"CB",2019,"CHUBB LTD",176943,55331,14470,524126,2019,5198,4454,34179,0.0251719480284611,"Finance and Insurance"
"327",52,"CBOE",2019,"CBOE GLOBAL MARKETS INC",5113.9,3355.6,914.3,523210,2019,1136.9,374.4,2496.1,0.0732122255030407,"Finance and Insurance"
"328",52,"CBOE",2019,"CBOE GLOBAL MARKETS INC",5113.9,3355.6,914.3,523210,2019,1136.9,374.4,2496.1,0.0732122255030407,"Finance and Insurance"
"329",52,"CFG",2019,"CITIZENS FINANCIAL GROUP INC",165733,20631,12268,522110,2019,6098,1791,8066,0.0108065382271485,"Finance and Insurance"
"330",52,"CFG",2019,"CITIZENS FINANCIAL GROUP INC",165733,20631,12268,522110,2019,6098,1791,8066,0.0108065382271485,"Finance and Insurance"
"331",52,"CI",2019,"CIGNA CORP",155774,45338,32358,524114,2019,25880,5104,153699,0.0327654165650237,"Finance and Insurance"
"332",52,"CI",2019,"CIGNA CORP",155774,45338,32358,524114,2019,25880,5104,153699,0.0327654165650237,"Finance and Insurance"
"333",52,"CINF",2019,"CINCINNATI FINANCIAL CORP",25408,9864,827,524126,2019,2550,1997,7924,0.0785972921914358,"Finance and Insurance"
"334",52,"CINF",2019,"CINCINNATI FINANCIAL CORP",25408,9864,827,524126,2019,2550,1997,7924,0.0785972921914358,"Finance and Insurance"
"335",52,"CMA",2019,"COMERICA INC",73402,7327,6961,522110,2019,3275,1198,3817,0.0163210811694504,"Finance and Insurance"
"336",52,"CMA",2019,"COMERICA INC",73402,7327,6961,522110,2019,3275,1198,3817,0.0163210811694504,"Finance and Insurance"
"337",52,"CME",2019,"CME GROUP INC",75215.3,26128.9,4349.5,523210,2019,3061.1,2116.5,4868,0.0281392216743136,"Finance and Insurance"
"338",52,"CME",2019,"CME GROUP INC",75215.3,26128.9,4349.5,523210,2019,3061.1,2116.5,4868,0.0281392216743136,"Finance and Insurance"
"339",52,"CNC",2019,"CENTENE CORP",40994,12551,14260,524114,2019,9185,1321,74639,0.0322242279357955,"Finance and Insurance"
"340",52,"CNC",2019,"CENTENE CORP",40994,12551,14260,524114,2019,9185,1321,74639,0.0322242279357955,"Finance and Insurance"
"341",52,"COF",2019,"CAPITAL ONE FINANCIAL CORP",390365,58011,40286,522210,2019,9969,5546,33907,0.0142072163231847,"Finance and Insurance"
"342",52,"COF",2019,"CAPITAL ONE FINANCIAL CORP",390365,58011,40286,522210,2019,9969,5546,33907,0.0142072163231847,"Finance and Insurance"
"343",52,"DFS",2019,"DISCOVER FINANCIAL SVCS",113996,11296,20454,522210,2019,4942,2957,13989,0.0259395066493561,"Finance and Insurance"
"344",52,"DFS",2019,"DISCOVER FINANCIAL SVCS",113996,11296,20454,522210,2019,4942,2957,13989,0.0259395066493561,"Finance and Insurance"
"345",52,"FITB",2019,"FIFTH THIRD BANCORP",169369,19433,13353,522110,2019,6972,2512,8900,0.014831521707042,"Finance and Insurance"
"346",52,"FITB",2019,"FIFTH THIRD BANCORP",169369,19433,13353,522110,2019,6972,2512,8900,0.014831521707042,"Finance and Insurance"
"347",52,"FRC",2019,"FIRST REPUBLIC BANK",116263.634,8706.107,10337.145,522110,2019,3279.697,930.329,4156.699,0.00800189163190959,"Finance and Insurance"
"348",52,"FRC",2019,"FIRST REPUBLIC BANK",116263.634,8706.107,10337.145,522110,2019,3279.697,930.329,4156.699,0.00800189163190959,"Finance and Insurance"
"349",52,"GL",2019,"GLOBE LIFE INC",25977.46,7294.307,1348.988,524113,2019,1039.943,760.79,4527.532,0.0292865430261465,"Finance and Insurance"
"350",52,"GL",2019,"GLOBE LIFE INC",25977.46,7294.307,1348.988,524113,2019,1039.943,760.79,4527.532,0.0292865430261465,"Finance and Insurance"
"351",52,"GS",2019,"GOLDMAN SACHS GROUP INC",992968,79062,221414,523110,2019,26095,8466,53922,0.00852595451212929,"Finance and Insurance"
"352",52,"GS",2019,"GOLDMAN SACHS GROUP INC",992968,79062,221414,523110,2019,26095,8466,53922,0.00852595451212929,"Finance and Insurance"
"353",52,"HBAN",2019,"HUNTINGTON BANCSHARES",109002,10592,7779,522110,2019,4365,1411,5640,0.0129447166107044,"Finance and Insurance"
"354",52,"HBAN",2019,"HUNTINGTON BANCSHARES",109002,10592,7779,522110,2019,4365,1411,5640,0.0129447166107044,"Finance and Insurance"
"355",52,"HIG",2019,"HARTFORD FINANCIAL SERVICES",70817,15936,4549,524126,2019,3191,2085,20480,0.0294420831156361,"Finance and Insurance"
"356",52,"HIG",2019,"HARTFORD FINANCIAL SERVICES",70817,15936,4549,524126,2019,3191,2085,20480,0.0294420831156361,"Finance and Insurance"
"357",52,"ICE",2019,"INTERCONTINENTAL EXCHANGE",94493,17255,5531,523999,2019,4092,1933,6547,0.0204565417544157,"Finance and Insurance"
"358",52,"ICE",2019,"INTERCONTINENTAL EXCHANGE",94493,17255,5531,523999,2019,4092,1933,6547,0.0204565417544157,"Finance and Insurance"
"359",52,"IVZ",2019,"INVESCO LTD",39420.3,9852,8679.7,523920,2019,1611.2,688.3,6117.4,0.0174605469770651,"Finance and Insurance"
"360",52,"IVZ",2019,"INVESCO LTD",39420.3,9852,8679.7,523920,2019,1611.2,688.3,6117.4,0.0174605469770651,"Finance and Insurance"
"361",52,"JPM",2019,"JPMORGAN CHASE & CO",2687379,234337,261720,522110,2019,110042,36431,142422,0.0135563312804037,"Finance and Insurance"
"362",52,"JPM",2019,"JPMORGAN CHASE & CO",2687379,234337,261720,522110,2019,110042,36431,142422,0.0135563312804037,"Finance and Insurance"
"363",52,"KEY",2019,"KEYCORP",144988,15138,12186,522110,2019,5923,1717,7694,0.0118423593676718,"Finance and Insurance"
"364",52,"KEY",2019,"KEYCORP",144988,15138,12186,522110,2019,5923,1717,7694,0.0118423593676718,"Finance and Insurance"
"365",52,"L",2019,"LOEWS CORP",82243,19119,12150,524126,2019,2453,932,14701,0.0113322714395146,"Finance and Insurance"
"366",52,"L",2019,"LOEWS CORP",82243,19119,12150,524126,2019,2453,932,14701,0.0113322714395146,"Finance and Insurance"
"367",52,"LNC",2019,"LINCOLN NATIONAL CORP",334761,19689,6588,524113,2019,1486,886,17236,0.00264666433664614,"Finance and Insurance"
"368",52,"LNC",2019,"LINCOLN NATIONAL CORP",334761,19689,6588,524113,2019,1486,886,17236,0.00264666433664614,"Finance and Insurance"
"369",52,"MA",2019,"MASTERCARD INC",29236,5893,9183,522320,2019,10186,8118,16883,0.277671364071692,"Finance and Insurance"
"370",52,"MA",2019,"MASTERCARD INC",29236,5893,9183,522320,2019,10186,8118,16883,0.277671364071692,"Finance and Insurance"
"371",52,"MET",2019,"METLIFE INC",740463,66144,19230,524113,2019,13891,5899,69744,0.00796663709057711,"Finance and Insurance"
"372",52,"MET",2019,"METLIFE INC",740463,66144,19230,524113,2019,13891,5899,69744,0.00796663709057711,"Finance and Insurance"
"373",52,"MKTX",2019,"MARKETAXESS HOLDINGS INC",954.93,770.091,97.991,523210,2019,287.902,204.902,519.415,0.214572795911742,"Finance and Insurance"
"374",52,"MKTX",2019,"MARKETAXESS HOLDINGS INC",954.93,770.091,97.991,523210,2019,287.902,204.902,519.415,0.214572795911742,"Finance and Insurance"
"375",52,"MMC",2019,"MARSH & MCLENNAN COS",31357,7793,12667,524210,2019,3990,1742,16653,0.0555537838441177,"Finance and Insurance"
"376",52,"MS",2019,"MORGAN STANLEY",895429,73029,174436,523110,2019,24463,9042,53823,0.0100979530482037,"Finance and Insurance"
"377",52,"MS",2019,"MORGAN STANLEY",895429,73029,174436,523110,2019,24463,9042,53823,0.0100979530482037,"Finance and Insurance"
"378",52,"MSCI",2019,"MSCI INC",4204.439,-76.714,3236.07,523930,2019,1262.835,563.648,1557.796,0.134060215881358,"Finance and Insurance"
"379",52,"MTB",2019,"M & T BANK CORP",119872.757,14466.649,5363.104,522110,2019,6015.943,1929.149,6941.272,0.0160933063381532,"Finance and Insurance"
"380",52,"MTB",2019,"M & T BANK CORP",119872.757,14466.649,5363.104,522110,2019,6015.943,1929.149,6941.272,0.0160933063381532,"Finance and Insurance"
"381",52,"NDAQ",2019,"NASDAQ INC",13924,5639,3327,523210,2019,1307,774,4262,0.055587474863545,"Finance and Insurance"
"382",52,"NDAQ",2019,"NASDAQ INC",13924,5639,3327,523210,2019,1307,774,4262,0.055587474863545,"Finance and Insurance"
"383",52,"NTRS",2019,"NORTHERN TRUST CORP",136828.4,9817.6,4102,522110,2019,6087.6,1492.2,6895.1,0.010905630702398,"Finance and Insurance"
"384",52,"NTRS",2019,"NORTHERN TRUST CORP",136828.4,9817.6,4102,522110,2019,6087.6,1492.2,6895.1,0.010905630702398,"Finance and Insurance"
"385",52,"PBCT",2019,"PEOPLE'S UNITED FINL INC",58589.8,7703.1,1326.1,522110,2019,1807.5,520.4,2304.6,0.00888209210476909,"Finance and Insurance"
"386",52,"PBCT",2019,"PEOPLE'S UNITED FINL INC",58589.8,7703.1,1326.1,522110,2019,1807.5,520.4,2304.6,0.00888209210476909,"Finance and Insurance"
"387",52,"PFG",2019,"PRINCIPAL FINANCIAL GRP INC",276087.8,14618,3897.5,523920,2019,1873.6,1394.2,15999.6,0.00504984283985022,"Finance and Insurance"
"388",52,"PFG",2019,"PRINCIPAL FINANCIAL GRP INC",276087.8,14618,3897.5,523920,2019,1873.6,1394.2,15999.6,0.00504984283985022,"Finance and Insurance"
"389",52,"PGR",2019,"PROGRESSIVE CORP-OHIO",54895.3,13179.3,4608.6,524126,2019,5656.1,3970.3,38997.7,0.0723249531380646,"Finance and Insurance"
"390",52,"PGR",2019,"PROGRESSIVE CORP-OHIO",54895.3,13179.3,4608.6,524126,2019,5656.1,3970.3,38997.7,0.0723249531380646,"Finance and Insurance"
"391",52,"PNC",2019,"PNC FINANCIAL SVCS GROUP INC",410295,45321,37344,522110,2019,17054,5369,21624,0.0130857066257205,"Finance and Insurance"
"392",52,"PNC",2019,"PNC FINANCIAL SVCS GROUP INC",410295,45321,37344,522110,2019,17054,5369,21624,0.0130857066257205,"Finance and Insurance"
"393",52,"PRU",2019,"PRUDENTIAL FINANCIAL INC",896552,63115,20514,524113,2019,18539,4186,64845,0.00466899856338506,"Finance and Insurance"
"394",52,"PRU",2019,"PRUDENTIAL FINANCIAL INC",896552,63115,20514,524113,2019,18539,4186,64845,0.00466899856338506,"Finance and Insurance"
"395",52,"RE",2019,"EVEREST RE GROUP LTD",27324.051,9132.925,803.741,524130,2019,1024.865,1009.461,8125.354,0.0369440461079508,"Finance and Insurance"
"396",52,"RE",2019,"EVEREST RE GROUP LTD",27324.051,9132.925,803.741,524130,2019,1024.865,1009.461,8125.354,0.0369440461079508,"Finance and Insurance"
"397",52,"RF",2019,"REGIONS FINANCIAL CORP",126240,14985,6615,522110,2019,5474,1582,6755,0.0125316856780735,"Finance and Insurance"
"398",52,"RF",2019,"REGIONS FINANCIAL CORP",126240,14985,6615,522110,2019,5474,1582,6755,0.0125316856780735,"Finance and Insurance"
"399",52,"RJF",2019,"RAYMOND JAMES FINANCIAL CORP",38830,6581,2439,523120,2019,1656,1034,8023,0.026628895184136,"Finance and Insurance"
"400",52,"RJF",2019,"RAYMOND JAMES FINANCIAL CORP",38830,6581,2439,523120,2019,1656,1034,8023,0.026628895184136,"Finance and Insurance"
"401",52,"SCHW",2019,"SCHWAB (CHARLES) CORP",294005,18952,7380,523920,2019,5507,3704,11785,0.0125984251968504,"Finance and Insurance"
"402",52,"SCHW",2019,"SCHWAB (CHARLES) CORP",294005,18952,7380,523920,2019,5507,3704,11785,0.0125984251968504,"Finance and Insurance"
"403",52,"SIVB",2019,"SVB FINANCIAL GROUP",71004.903,6130.169,566.834,522110,2019,3220.624,1136.856,3539.847,0.0160109506804058,"Finance and Insurance"
"404",52,"SIVB",2019,"SVB FINANCIAL GROUP",71004.903,6130.169,566.834,522110,2019,3220.624,1136.856,3539.847,0.0160109506804058,"Finance and Insurance"
"405",52,"STT",2019,"STATE STREET CORP",245610,21469,11974,523920,2019,11746,2242,13131,0.0091282928219535,"Finance and Insurance"
"406",52,"STT",2019,"STATE STREET CORP",245610,21469,11974,523920,2019,11746,2242,13131,0.0091282928219535,"Finance and Insurance"
"407",52,"SYF",2019,"SYNCHRONY FINANCIAL",104826,14354,15658,522210,2019,4867,3747,19461,0.0357449487722512,"Finance and Insurance"
"408",52,"SYF",2019,"SYNCHRONY FINANCIAL",104826,14354,15658,522210,2019,4867,3747,19461,0.0357449487722512,"Finance and Insurance"
"409",52,"TFC",2019,"TRUIST FINANCIAL CORP",473078,61282,37190,522110,2019,11971,3224,14682,0.00681494383590021,"Finance and Insurance"
"410",52,"TFC",2019,"TRUIST FINANCIAL CORP",473078,61282,37190,522110,2019,11971,3224,14682,0.00681494383590021,"Finance and Insurance"
"411",52,"TROW",2019,"PRICE (T. ROWE) GROUP",9330.4,7102.1,146.3,523930,2019,2577.8,2131.3,5617.9,0.228425362256709,"Finance and Insurance"
"412",52,"TROW",2019,"PRICE (T. ROWE) GROUP",9330.4,7102.1,146.3,523930,2019,2577.8,2131.3,5617.9,0.228425362256709,"Finance and Insurance"
"413",52,"TRV",2019,"TRAVELERS COS INC",110122,25943,6338,524126,2019,7847,2622,31581,0.0238099562303627,"Finance and Insurance"
"414",52,"TRV",2019,"TRAVELERS COS INC",110122,25943,6338,524126,2019,7847,2622,31581,0.0238099562303627,"Finance and Insurance"
"415",52,"UNH",2019,"UNITEDHEALTH GROUP INC",173889,57616,36808,524114,2019,57598,13839,242155,0.0795852526611804,"Finance and Insurance"
"416",52,"UNH",2019,"UNITEDHEALTH GROUP INC",173889,57616,36808,524114,2019,57598,13839,242155,0.0795852526611804,"Finance and Insurance"
"417",52,"UNM",2019,"UNUM GROUP",67013.4,9965,3041.6,524114,2019,1704.7,1100.3,11999.6,0.0164191042388537,"Finance and Insurance"
"418",52,"UNM",2019,"UNUM GROUP",67013.4,9965,3041.6,524114,2019,1704.7,1100.3,11999.6,0.0164191042388537,"Finance and Insurance"
"419",52,"USB",2019,"U S BANCORP",495426,45869,37811,522110,2019,21379,6914,27325,0.0139556664365617,"Finance and Insurance"
"420",52,"USB",2019,"U S BANCORP",495426,45869,37811,522110,2019,21379,6914,27325,0.0139556664365617,"Finance and Insurance"
"421",52,"V",2019,"VISA INC",72574,29222,16729,522320,2019,16057,12080,22977,0.166450795050569,"Finance and Insurance"
"422",52,"V",2019,"VISA INC",72574,29222,16729,522320,2019,16057,12080,22977,0.166450795050569,"Finance and Insurance"
"423",52,"VRSK",2019,"VERISK ANALYTICS INC",7055.2,2260.8,2859.7,524298,2019,1633.8,449.9,2607.1,0.0637685678648373,"Finance and Insurance"
"424",52,"WFC",2019,"WELLS FARGO & CO",1927555,166740,193842,522110,2019,80914,19549,102453,0.01014186365629,"Finance and Insurance"
"425",52,"WFC",2019,"WELLS FARGO & CO",1927555,166740,193842,522110,2019,80914,19549,102453,0.01014186365629,"Finance and Insurance"
"426",52,"WLTW",2019,"WILLIS TOWERS WATSON PLC",35426,10249,6287,524210,2019,2071,1044,9039,0.0294698808784509,"Finance and Insurance"
"427",52,"WLTW",2019,"WILLIS TOWERS WATSON PLC",35426,10249,6287,524210,2019,2071,1044,9039,0.0294698808784509,"Finance and Insurance"
"428",52,"WRB",2019,"BERKLEY (W R) CORP",26643.428,6074.939,2550.861,524126,2019,960.42,681.944,7833.002,0.0255952049413461,"Finance and Insurance"
"429",52,"WRB",2019,"BERKLEY (W R) CORP",26643.428,6074.939,2550.861,524126,2019,960.42,681.944,7833.002,0.0255952049413461,"Finance and Insurance"
"430",52,"WU",2019,"WESTERN UNION CO",8758.5,-39.5,3226.6,522320,2019,2503.1,1058.3,5292.1,0.120831192555803,"Finance and Insurance"
"431",52,"WU",2019,"WESTERN UNION CO",8758.5,-39.5,3226.6,522320,2019,2503.1,1058.3,5292.1,0.120831192555803,"Finance and Insurance"
"432",52,"ZION",2019,"ZIONS BANCORPORATION NA",69172,6787,1969,522110,2019,2795,816,3245,0.0117966807378708,"Finance and Insurance"
"433",52,"ZION",2019,"ZIONS BANCORPORATION NA",69172,6787,1969,522110,2019,2795,816,3245,0.0117966807378708,"Finance and Insurance"
"434",53,"AIV",2019,"APARTMENT INVST & MGMT CO",6828.739,1780.649,4391.79,531110,2019,236.66,474.083,928.052,0.0694246770889911,"Real Estate Rental and Leasing"
"435",53,"AIV",2019,"APARTMENT INVST & MGMT CO",6828.739,1780.649,4391.79,531110,2019,236.66,474.083,928.052,0.0694246770889911,"Real Estate Rental and Leasing"
"436",53,"AMT",2019,"AMERICAN TOWER CORP",42801.6,5055.4,27637.6,531120,2019,5233.9,1887.8,7580.3,0.0441058278195208,"Real Estate Rental and Leasing"
"437",53,"ARE",2019,"ALEXANDRIA R E EQUITIES INC",18390.503,8865.826,7027.737,531120,2019,733.641,363.165,1736.079,0.0197474207203577,"Real Estate Rental and Leasing"
"438",53,"ARE",2019,"ALEXANDRIA R E EQUITIES INC",18390.503,8865.826,7027.737,531120,2019,733.641,363.165,1736.079,0.0197474207203577,"Real Estate Rental and Leasing"
"439",53,"AVB",2019,"AVALONBAY COMMUNITIES INC",19121.051,10989.549,7436.758,531110,2019,902.153,785.974,2331.837,0.0411051672839532,"Real Estate Rental and Leasing"
"440",53,"AVB",2019,"AVALONBAY COMMUNITIES INC",19121.051,10989.549,7436.758,531110,2019,902.153,785.974,2331.837,0.0411051672839532,"Real Estate Rental and Leasing"
"441",53,"BXP",2019,"BOSTON PROPERTIES INC",21284.905,5484.687,12218.86,531120,2019,1236.308,521.534,3032.51,0.0245025289048741,"Real Estate Rental and Leasing"
"442",53,"BXP",2019,"BOSTON PROPERTIES INC",21284.905,5484.687,12218.86,531120,2019,1236.308,521.534,3032.51,0.0245025289048741,"Real Estate Rental and Leasing"
"443",53,"CCI",2019,"CROWN CASTLE INTL CORP",38457,10489,23532,531120,2019,3777,860,5763,0.0223626387913774,"Real Estate Rental and Leasing"
"444",53,"DLR",2019,"DIGITAL REALTY TRUST INC",23068.131,8444.892,10994.073,531120,2019,907.304,579.761,3283.308,0.0251325519176218,"Real Estate Rental and Leasing"
"445",53,"DLR",2019,"DIGITAL REALTY TRUST INC",23068.131,8444.892,10994.073,531120,2019,907.304,579.761,3283.308,0.0251325519176218,"Real Estate Rental and Leasing"
"446",53,"DRE",2019,"DUKE REALTY CORP",8420.562,5018.115,2961.665,531120,2019,358.811,428.972,1015.106,0.0509433930894399,"Real Estate Rental and Leasing"
"447",53,"DRE",2019,"DUKE REALTY CORP",8420.562,5018.115,2961.665,531120,2019,358.811,428.972,1015.106,0.0509433930894399,"Real Estate Rental and Leasing"
"448",53,"EQIX",2019,"EQUINIX INC",23965.615,8840.606,12345.645,531120,2019,4036.793,507.45,5562.14,0.0211740862898782,"Real Estate Rental and Leasing"
"449",53,"EQR",2019,"EQUITY RESIDENTIAL",21172.769,10278.226,8368.29,531110,2019,1030.042,970.377,2769.453,0.0458313695294177,"Real Estate Rental and Leasing"
"450",53,"EQR",2019,"EQUITY RESIDENTIAL",21172.769,10278.226,8368.29,531110,2019,1030.042,970.377,2769.453,0.0458313695294177,"Real Estate Rental and Leasing"
"451",53,"ESS",2019,"ESSEX PROPERTY TRUST",12705.405,6220.427,5597.556,531110,2019,697.14,439.286,1618.589,0.0345747341387386,"Real Estate Rental and Leasing"
"452",53,"ESS",2019,"ESSEX PROPERTY TRUST",12705.405,6220.427,5597.556,531110,2019,697.14,439.286,1618.589,0.0345747341387386,"Real Estate Rental and Leasing"
"453",53,"EXR",2019,"EXTRA SPACE STORAGE INC",8532.377,2539.961,4752.838,531130,2019,741.912,419.967,1327.195,0.0492203989579926,"Real Estate Rental and Leasing"
"454",53,"EXR",2019,"EXTRA SPACE STORAGE INC",8532.377,2539.961,4752.838,531130,2019,741.912,419.967,1327.195,0.0492203989579926,"Real Estate Rental and Leasing"
"455",53,"FRT",2019,"FEDERAL REALTY INVESTMENT TR",6794.992,2375.344,3435.419,531120,2019,396.526,353.866,935.042,0.0520774711728873,"Real Estate Rental and Leasing"
"456",53,"FRT",2019,"FEDERAL REALTY INVESTMENT TR",6794.992,2375.344,3435.419,531120,2019,396.526,353.866,935.042,0.0520774711728873,"Real Estate Rental and Leasing"
"457",53,"HST",2019,"HOST HOTELS & RESORTS INC",12305,7319,4377,531120,2019,947,920,5515,0.0747663551401869,"Real Estate Rental and Leasing"
"458",53,"HST",2019,"HOST HOTELS & RESORTS INC",12305,7319,4377,531120,2019,947,920,5515,0.0747663551401869,"Real Estate Rental and Leasing"
"459",53,"IRM",2019,"IRON MOUNTAIN INC",13816.816,1463.962,10004.252,531120,2019,2429.269,267.377,4262.584,0.0193515640651218,"Real Estate Rental and Leasing"
"460",53,"KIM",2019,"KIMCO REALTY CORP",10997.867,4864.872,5239.178,531120,2019,593.549,410.605,1257.122,0.0373349668622106,"Real Estate Rental and Leasing"
"461",53,"KIM",2019,"KIMCO REALTY CORP",10997.867,4864.872,5239.178,531120,2019,593.549,410.605,1257.122,0.0373349668622106,"Real Estate Rental and Leasing"
"462",53,"MAA",2019,"MID-AMERICA APT CMNTYS INC",11230.45,6068.556,4279.912,531110,2019,500.11,353.811,1664.809,0.0315046146859654,"Real Estate Rental and Leasing"
"463",53,"MAA",2019,"MID-AMERICA APT CMNTYS INC",11230.45,6068.556,4279.912,531110,2019,500.11,353.811,1664.809,0.0315046146859654,"Real Estate Rental and Leasing"
"464",53,"NFLX",2019,"NETFLIX INC",33975.712,7582.157,16181.872,532282,2019,7819.813,1866.916,20156.447,0.0549485467736482,"Real Estate Rental and Leasing"
"465",53,"O",2019,"REALTY INCOME CORP",18554.796,9774.456,7695.578,531120,2019,768.859,436.482,1491.591,0.0235239449681904,"Real Estate Rental and Leasing"
"466",53,"O",2019,"REALTY INCOME CORP",18554.796,9774.456,7695.578,531120,2019,768.859,436.482,1491.591,0.0235239449681904,"Real Estate Rental and Leasing"
"467",53,"PEAK",2019,"HEALTHPEAK PROPERTIES INC",14032.891,6085.058,6411.092,531120,2019,223.462,45.53,1988.758,0.00324452032015356,"Real Estate Rental and Leasing"
"468",53,"PEAK",2019,"HEALTHPEAK PROPERTIES INC",14032.891,6085.058,6411.092,531120,2019,223.462,45.53,1988.758,0.00324452032015356,"Real Estate Rental and Leasing"
"469",53,"PLD",2019,"PROLOGIS INC",40031.85,22584.179,11841.758,531120,2019,1483.057,1572.959,3555.012,0.0392926881970231,"Real Estate Rental and Leasing"
"470",53,"PLD",2019,"PROLOGIS INC",40031.85,22584.179,11841.758,531120,2019,1483.057,1572.959,3555.012,0.0392926881970231,"Real Estate Rental and Leasing"
"471",53,"PSA",2019,"PUBLIC STORAGE",11365.444,4997.911,1900.478,531130,2019,1635.105,1520.534,2944.806,0.133785710439469,"Real Estate Rental and Leasing"
"472",53,"PSA",2019,"PUBLIC STORAGE",11365.444,4997.911,1900.478,531130,2019,1635.105,1520.534,2944.806,0.133785710439469,"Real Estate Rental and Leasing"
"473",53,"REG",2019,"REGENCY CENTERS CORP",11132.253,6213.348,4092.103,531120,2019,456.604,239.43,1195.163,0.021507775649727,"Real Estate Rental and Leasing"
"474",53,"REG",2019,"REGENCY CENTERS CORP",11132.253,6213.348,4092.103,531120,2019,456.604,239.43,1195.163,0.021507775649727,"Real Estate Rental and Leasing"
"475",53,"SBAC",2019,"SBA COMMUNICATIONS CORP",9759.941,-3667.007,12091.735,531190,2019,1521.614,146.991,2014.645,0.0150606443215179,"Real Estate Rental and Leasing"
"476",53,"SLG",2019,"SL GREEN REALTY CORP",12766.32,5219.383,5934.256,531120,2019,477.615,270.434,1208.601,0.021183395058247,"Real Estate Rental and Leasing"
"477",53,"SLG",2019,"SL GREEN REALTY CORP",12766.32,5219.383,5934.256,531120,2019,477.615,270.434,1208.601,0.021183395058247,"Real Estate Rental and Leasing"
"478",53,"SPG",2019,"SIMON PROPERTY GROUP INC",31231.63,2483.978,21822.979,531120,2019,3648.993,2101.584,6121.038,0.0672902438969724,"Real Estate Rental and Leasing"
"479",53,"SPG",2019,"SIMON PROPERTY GROUP INC",31231.63,2483.978,21822.979,531120,2019,3648.993,2101.584,6121.038,0.0672902438969724,"Real Estate Rental and Leasing"
"480",53,"UDR",2019,"UDR INC",9636.472,3312.341,4495.437,531110,2019,427.725,184.965,1305.47,0.01919426528713,"Real Estate Rental and Leasing"
"481",53,"UDR",2019,"UDR INC",9636.472,3312.341,4495.437,531110,2019,427.725,184.965,1305.47,0.01919426528713,"Real Estate Rental and Leasing"
"482",53,"URI",2019,"UNITED RENTALS INC",18970,3830,10964,532412,2019,5376,1174,9351,0.0618871903004744,"Real Estate Rental and Leasing"
"483",53,"VNO",2019,"VORNADO REALTY TRUST",18287.013,5840.816,6363.296,531120,2019,482.289,3147.937,1921.302,0.172140578671869,"Real Estate Rental and Leasing"
"484",53,"VNO",2019,"VORNADO REALTY TRUST",18287.013,5840.816,6363.296,531120,2019,482.289,3147.937,1921.302,0.172140578671869,"Real Estate Rental and Leasing"
"485",53,"VTR",2019,"VENTAS INC",24692.208,10445.892,11525.575,531110,2019,1014.149,433.016,3870.296,0.0175365443219983,"Real Estate Rental and Leasing"
"486",53,"VTR",2019,"VENTAS INC",24692.208,10445.892,11525.575,531110,2019,1014.149,433.016,3870.296,0.0175365443219983,"Real Estate Rental and Leasing"
"487",53,"WELL",2019,"WELLTOWER INC",33380.751,15540.444,14390.836,531110,2019,1399.802,1232.432,5163.74,0.0369204395671026,"Real Estate Rental and Leasing"
"488",53,"WELL",2019,"WELLTOWER INC",33380.751,15540.444,14390.836,531110,2019,1399.802,1232.432,5163.74,0.0369204395671026,"Real Estate Rental and Leasing"
"489",54,"ACN",2019,"ACCENTURE PLC",29789.88,14408.951,16.247,541611,2019,13932.634,4779.112,43215.013,0.160427366609063,"Professional, Scientific, and Technical Services"
"490",54,"BR",2019,"BROADRIDGE FINANCIAL SOLUTNS",3880.7,1127.5,1470.4,541512,2019,1402.8,482.1,4362.2,0.124230164661015,"Professional, Scientific, and Technical Services"
"491",54,"CERN",2019,"CERNER CORP",6894.622,4317.328,1142.996,541512,2019,4994.74,529.454,5692.598,0.076792317258292,"Professional, Scientific, and Technical Services"
"492",54,"CTSH",2019,"COGNIZANT TECH SOLUTIONS",16204,11022,1460,541512,2019,6174,1842,16783,0.11367563564552,"Professional, Scientific, and Technical Services"
"493",54,"DXC",2018,"DXC TECHNOLOGY CO",29574,11402,5470,541512,2018,5807,1257,20753,0.0425035504159059,"Professional, Scientific, and Technical Services"
"494",54,"FFIV",2019,"F5 NETWORKS INC",3390.275,1761.497,0,541512,2019,1945.043,427.734,2242.447,0.12616498661613,"Professional, Scientific, and Technical Services"
"495",54,"IPG",2019,"INTERPUBLIC GROUP OF COS",17751.9,2775.9,4201.5,541810,2019,1492.2,656,10221.3,0.0369537908618232,"Professional, Scientific, and Technical Services"
"496",54,"IT",2019,"GARTNER INC",7151.294,938.593,2876.421,541910,2019,2694.753,233.29,4245.321,0.0326220681180217,"Professional, Scientific, and Technical Services"
"497",54,"JKHY",2019,"HENRY (JACK) & ASSOCIATES",2184.829,1429.013,0,541512,2019,790.294,271.885,1552.691,0.12444223323656,"Professional, Scientific, and Technical Services"
"498",54,"LDOS",2019,"LEIDOS HOLDINGS INC",9367,3413,3251,541512,2019,1782,667,11094,0.0712074303405573,"Professional, Scientific, and Technical Services"
"499",54,"NLSN",2019,"NIELSEN HOLDINGS PLC",14319,2195,7765,541910,2019,3658,-415,6498,-0.028982470842936,"Professional, Scientific, and Technical Services"
"500",54,"OMC",2019,"OMNICOM GROUP",26783.4,2853.9,5898.7,541810,2019,2759.7,1339.1,14953.7,0.0499973864408551,"Professional, Scientific, and Technical Services"
"501",54,"PAYX",2018,"PAYCHEX INC",8676,2619.5,796.4,541214,2018,2776.2,1034.4,3772.5,0.119225449515906,"Professional, Scientific, and Technical Services"
"502",54,"TYL",2019,"TYLER TECHNOLOGIES INC",2191.614,1617.058,16.822,541512,2019,571.655,146.527,1086.427,0.0668580324819973,"Professional, Scientific, and Technical Services"
"503",56,"EFX",2019,"EQUIFAX INC",7909,2578.6,3379.5,561450,2019,2005.9,-398.8,3527.6,-0.0504235680869895,"Administrative and Support and Waste Management and Remediation Services"
"504",56,"EXPE",2019,"EXPEDIA GROUP INC",21416,3967,4721,561510,2019,9990,565,12067,0.0263821441912589,"Administrative and Support and Waste Management and Remediation Services"
"505",56,"MCO",2019,"MOODY'S CORP",10265,612,6066,561450,2019,3442,1422,4829,0.138528981977594,"Administrative and Support and Waste Management and Remediation Services"
"506",56,"RHI",2019,"ROBERT HALF INTL INC",2311.408,1143.683,202.2,561320,2019,2594.783,454.433,6074.432,0.196604407356901,"Administrative and Support and Waste Management and Remediation Services"
"507",56,"ROL",2019,"ROLLINS INC",1744.376,815.75,414.651,561710,2019,1021.884,203.347,2015.477,0.116572917765436,"Administrative and Support and Waste Management and Remediation Services"
"508",56,"RSG",2019,"REPUBLIC SERVICES INC",22683.8,8118.2,7971.1,562111,2019,3950.8,1073.3,10299.4,0.0473157054814449,"Administrative and Support and Waste Management and Remediation Services"
"509",56,"SPGI",2019,"S&P GLOBAL INC",11348,479,4568,561450,2019,4898,2123,6699,0.187081424039478,"Administrative and Support and Waste Management and Remediation Services"
"510",56,"WM",2019,"WASTE MANAGEMENT INC",27743,7068,13646,562111,2019,6077,1670,15455,0.0601953645964748,"Administrative and Support and Waste Management and Remediation Services"
"511",62,"DGX",2019,"QUEST DIAGNOSTICS INC",12843,5641,4379,621511,2019,2957,858,7726,0.0668068208362532,"Health Care and Social Assistance"
"512",62,"DVA",2019,"DAVITA INC",17311.394,2133.409,10701.326,621492,2019,3473.994,810.981,11388.479,0.0468466606444288,"Health Care and Social Assistance"
"513",62,"HCA",2019,"HCA HEALTHCARE INC",45058,-2808,35076,622110,2019,10184,3505,51336,0.0777886279905899,"Health Care and Social Assistance"
"514",62,"HUM",2019,"HUMANA INC",29074,12037,5299,621491,2019,11148,2707,64888,0.093107243585334,"Health Care and Social Assistance"
"515",62,"HUM",2019,"HUMANA INC",29074,12037,5299,621491,2019,11148,2707,64888,0.093107243585334,"Health Care and Social Assistance"
"516",62,"LH",2019,"LABORATORY CP OF AMER HLDGS",18046.4,7567,6477.5,621511,2019,3574,823.8,11554.8,0.0456489937051157,"Health Care and Social Assistance"
"517",62,"UHS",2019,"UNIVERSAL HEALTH SVCS INC",11668.25,5504.105,4166.653,622110,2019,1803.931,814.854,11378.259,0.0698351509438005,"Health Care and Social Assistance"
"518",71,"LYV",2019,"LIVE NATION ENTERTAINMENT",10975.615,1145.82,4645.743,711320,2019,3080.787,-4.882,11547.969,-0.000444804231926867,"Arts, Entertainment, and Recreation"
"519",72,"CMG",2019,"CHIPOTLE MEXICAN GRILL INC",5104.604,1683.026,2678.374,722513,2019,1142.49,350.158,5586.369,0.0685965062128228,"Accommodation and Food Services"
"520",72,"DPZ",2019,"DOMINO'S PIZZA INC",1382.092,-3415.759,4273.786,722511,2019,1462.429,400.709,3618.774,0.289929324531218,"Accommodation and Food Services"
"521",72,"DRI",2018,"DARDEN RESTAURANTS INC",5892.8,2392.6,1096.2,722511,2018,1852,713.4,8510.4,0.121062992125984,"Accommodation and Food Services"
"522",72,"HLT",2019,"HILTON WORLDWIDE HOLDINGS",14957,-482,8993,721110,2019,2435,881,9452,0.0589021862672996,"Accommodation and Food Services"
"523",72,"LVS",2019,"LAS VEGAS SANDS CORP",23199,5187,12727,721120,2019,6907,2698,13739,0.116298116298116,"Accommodation and Food Services"
"524",72,"MAR",2019,"MARRIOTT INTL INC",25051,703,10845,721110,2019,2400,1273,20972,0.0508163346772584,"Accommodation and Food Services"
"525",72,"MCD",2019,"MCDONALD'S CORP",47510.8,-8210.3,46875.9,722513,2019,12507.5,6025.4,21076.5,0.126821691068136,"Accommodation and Food Services"
"526",72,"MGM",2019,"MGM RESORTS INTERNATIONAL",33876.356,7727.265,15514.056,721120,2019,5296.183,2046.433,12899.672,0.0604088881342491,"Accommodation and Food Services"
"527",72,"SBUX",2019,"STARBUCKS CORP",19219.6,-6232.2,11167,722513,2019,7127.9,3599.2,26508.6,0.187267164769298,"Accommodation and Food Services"
"528",72,"WYNN",2019,"WYNN RESORTS LTD",13871.281,1743.045,10256.924,721120,2019,2544.046,122.985,6611.099,0.00886616023422783,"Accommodation and Food Services"
"529",72,"YUM",2019,"YUM BRANDS INC",5231,-8016,10771,722513,2019,2993,1294,5597,0.247371439495316,"Accommodation and Food Services"
"530",81,"CTAS",2018,"CINTAS CORP",7436.662,3002.721,2537.507,812331,2018,3330.619,884.981,6892.303,0.119002450292887,"Other Services (except Public Administration)"
